Name,Start,End,Size
sub_00100008,0x00100008,0x001001D0,456
sub_001001D0,0x001001D0,0x001001D8,8
sub_001001D8,0x001001D8,0x00100200,40
sub_00100200,0x00100200,0x001003C0,448
sub_001003C0,0x001003C0,0x00100408,72
sub_00100408,0x00100408,0x001004B8,176
sub_001004B8,0x001004B8,0x00100510,88
sub_00100510,0x00100510,0x00100578,104
sub_00100578,0x00100578,0x001005D0,88
sub_001005D0,0x001005D0,0x00100628,88
sub_00100628,0x00100628,0x00100690,104
sub_00100690,0x00100690,0x001006F8,104
sub_001006F8,0x001006F8,0x00100758,96
sub_00100758,0x00100758,0x001007C8,112
sub_001007C8,0x001007C8,0x00100A60,664
sub_00100A60,0x00100A60,0x00100AB8,88
sub_00100AB8,0x00100AB8,0x00100B20,104
sub_00100B20,0x00100B20,0x00100B78,88
sub_00100B78,0x00100B78,0x00100BF0,120
sub_00100BF0,0x00100BF0,0x00100C50,96
sub_00100C50,0x00100C50,0x00100CB0,96
sub_00100CB0,0x00100CB0,0x00100DB8,264
sub_00100DB8,0x00100DB8,0x00100E28,112
sub_00100E28,0x00100E28,0x00100EA8,128
sub_00100EA8,0x00100EA8,0x00101828,2432
sub_00101828,0x00101828,0x00101888,96
sub_00101888,0x00101888,0x00101978,240
sub_00101978,0x00101978,0x001019E0,104
sub_001019E0,0x001019E0,0x00101A00,32
sub_00101A00,0x00101A00,0x00101A78,120
sub_00101A78,0x00101A78,0x00101DD8,864
sub_00101DD8,0x00101DD8,0x00101E88,176
sub_00101E88,0x00101E88,0x00101FA8,288
sub_00101FA8,0x00101FA8,0x00102358,944
sub_00102358,0x00102358,0x00102608,688
sub_00102608,0x00102608,0x00102900,760
sub_00102900,0x00102900,0x00102BB0,688
sub_00102BB0,0x00102BB0,0x00102DC0,528
sub_00102DC0,0x00102DC0,0x00102FA0,480
sub_00102FA0,0x00102FA0,0x00103288,744
sub_00103288,0x00103288,0x00103578,752
sub_00103578,0x00103578,0x00103650,216
sub_00103650,0x00103650,0x00103AF0,1184
sub_00103AF0,0x00103AF0,0x00103DB8,712
sub_00103DB8,0x00103DB8,0x00104708,2384
sub_00104708,0x00104708,0x00105AD8,5072
sub_00105AD8,0x00105AD8,0x00105C30,344
sub_00105C30,0x00105C30,0x00105F38,776
sub_00105F38,0x00105F38,0x00106180,584
sub_00106180,0x00106180,0x001061A8,40
sub_001061A8,0x001061A8,0x001061C8,32
sub_001061C8,0x001061C8,0x001061F8,48
sub_001061F8,0x001061F8,0x00106328,304
sub_00106328,0x00106328,0x001063D8,176
sub_001063D8,0x001063D8,0x00106408,48
sub_00106408,0x00106408,0x00106468,96
sub_00106468,0x00106468,0x001064F0,136
sub_001064F0,0x001064F0,0x001065A8,184
sub_001065A8,0x001065A8,0x00106628,128
sub_00106628,0x00106628,0x001066D8,176
sub_001066D8,0x001066D8,0x001067A8,208
sub_001067A8,0x001067A8,0x00106B20,888
sub_00106B20,0x00106B20,0x00106C88,360
sub_00106C88,0x00106C88,0x00106D50,200
sub_00106D50,0x00106D50,0x00106E20,208
sub_00106E20,0x00106E20,0x00107008,488
sub_00107008,0x00107008,0x00107200,504
sub_00107200,0x00107200,0x00107390,400
sub_00107390,0x00107390,0x00107440,176
sub_00107440,0x00107440,0x00107480,64
sub_00107480,0x00107480,0x001074D8,88
sub_001074D8,0x001074D8,0x00107538,96
sub_00107538,0x00107538,0x00107598,96
sub_00107598,0x00107598,0x00107628,144
sub_00107628,0x00107628,0x00107730,264
sub_00107730,0x00107730,0x00107878,328
sub_00107878,0x00107878,0x00107928,176
sub_00107928,0x00107928,0x00107B90,616
sub_00107B90,0x00107B90,0x00107C10,128
sub_00107C10,0x00107C10,0x00107C48,56
sub_00107C48,0x00107C48,0x00107CB8,112
sub_00107CB8,0x00107CB8,0x00107E60,424
sub_00107E60,0x00107E60,0x00108120,704
sub_00108120,0x00108120,0x00108290,368
sub_00108290,0x00108290,0x00108760,1232
sub_00108760,0x00108760,0x001089A8,584
sub_001089A8,0x001089A8,0x001089D8,48
sub_001089D8,0x001089D8,0x00108A30,88
sub_00108A30,0x00108A30,0x00108A88,88
sub_00108A88,0x00108A88,0x00108AF8,112
sub_00108AF8,0x00108AF8,0x00108B80,136
sub_00108B80,0x00108B80,0x00108CC8,328
sub_00108CC8,0x00108CC8,0x00108D68,160
sub_00108D68,0x00108D68,0x00108FC0,600
sub_00108FC0,0x00108FC0,0x00109068,168
sub_00109068,0x00109068,0x00109518,1200
sub_00109518,0x00109518,0x0010A530,4120
sub_0010A530,0x0010A530,0x0010A6E0,432
sub_0010A6E0,0x0010A6E0,0x0010A8A0,448
sub_0010A8A0,0x0010A8A0,0x0010A908,104
sub_0010A908,0x0010A908,0x0010A978,112
sub_0010A978,0x0010A978,0x0010AA80,264
sub_0010AA80,0x0010AA80,0x0010AAC0,64
sub_0010AAC0,0x0010AAC0,0x0010ACC8,520
sub_0010ACC8,0x0010ACC8,0x0010B0C8,1024
sub_0010B0C8,0x0010B0C8,0x0010B390,712
sub_0010B390,0x0010B390,0x0010B488,248
sub_0010B488,0x0010B488,0x0010B9C0,1336
sub_0010B9C0,0x0010B9C0,0x0010BE38,1144
sub_0010BE38,0x0010BE38,0x0010C310,1240
sub_0010C310,0x0010C310,0x0010C990,1664
sub_0010C990,0x0010C990,0x0010CE68,1240
sub_0010CE68,0x0010CE68,0x0010D3B8,1360
sub_0010D3B8,0x0010D3B8,0x0010D950,1432
sub_0010D950,0x0010D950,0x0010E038,1768
sub_0010E038,0x0010E038,0x0010E538,1280
sub_0010E538,0x0010E538,0x0010EA90,1368
sub_0010EA90,0x0010EA90,0x0010F050,1472
sub_0010F050,0x0010F050,0x0010F670,1568
sub_0010F670,0x0010F670,0x0010FC88,1560
sub_0010FC88,0x0010FC88,0x001101F8,1392
sub_001101F8,0x001101F8,0x001107C0,1480
sub_001107C0,0x001107C0,0x00110E40,1664
sub_00110E40,0x00110E40,0x00110EF0,176
sub_00110EF0,0x00110EF0,0x00111010,288
sub_00111010,0x00111010,0x00111168,344
sub_00111168,0x00111168,0x00111328,448
sub_00111328,0x00111328,0x00111440,280
sub_00111440,0x00111440,0x00111510,208
sub_00111510,0x00111510,0x00111760,592
sub_00111760,0x00111760,0x00115978,16920
sub_00115978,0x00115978,0x00115C18,672
sub_00115C18,0x00115C18,0x00115D00,232
sub_00115D00,0x00115D00,0x00116280,1408
sub_00116280,0x00116280,0x00116708,1160
sub_00116708,0x00116708,0x00116AC8,960
sub_00116AC8,0x00116AC8,0x00116B68,160
sub_00116B68,0x00116B68,0x00116BB0,72
sub_00116BB0,0x00116BB0,0x00116D08,344
sub_00116D08,0x00116D08,0x00116DD0,200
sub_00116DD0,0x00116DD0,0x00116E78,168
sub_00116E78,0x00116E78,0x00116EF0,120
sub_00116EF0,0x00116EF0,0x00117438,1352
sub_00117438,0x00117438,0x00117450,24
sub_00117450,0x00117450,0x00117470,32
sub_00117470,0x00117470,0x00117560,240
sub_00117560,0x00117560,0x001176F8,408
sub_001176F8,0x001176F8,0x00117888,400
sub_00117888,0x00117888,0x00117918,144
sub_00117918,0x00117918,0x001179D0,184
sub_001179D0,0x001179D0,0x00117A50,128
sub_00117A50,0x00117A50,0x00117B38,232
sub_00117B38,0x00117B38,0x00117B50,24
sub_00117B50,0x00117B50,0x00117B78,40
sub_00117B78,0x00117B78,0x00117BB8,64
sub_00117BB8,0x00117BB8,0x00117C28,112
sub_00117C28,0x00117C28,0x00117C80,88
sub_00117C80,0x00117C80,0x00117D10,144
sub_00117D10,0x00117D10,0x00117E60,336
sub_00117E60,0x00117E60,0x00117F28,200
sub_00117F28,0x00117F28,0x00117F98,112
sub_00117F98,0x00117F98,0x00118110,376
sub_00118110,0x00118110,0x001186D8,1480
sub_001186D8,0x001186D8,0x00118798,192
sub_00118798,0x00118798,0x00118848,176
sub_00118848,0x00118848,0x001188F0,168
sub_001188F0,0x001188F0,0x001189D0,224
sub_001189D0,0x001189D0,0x00118AC8,248
sub_00118AC8,0x00118AC8,0x00118B40,120
sub_00118B40,0x00118B40,0x0011AD58,8728
sub_0011AD58,0x0011AD58,0x0011AEC8,368
sub_0011AEC8,0x0011AEC8,0x0011B3D0,1288
sub_0011B3D0,0x0011B3D0,0x0011B3D8,8
sub_0011B3D8,0x0011B3D8,0x0011B988,1456
sub_0011B988,0x0011B988,0x0011BB40,440
sub_0011BB40,0x0011BB40,0x0011BC20,224
sub_0011BC20,0x0011BC20,0x0011BCB8,152
sub_0011BCB8,0x0011BCB8,0x0011BD88,208
sub_0011BD88,0x0011BD88,0x0011BE60,216
sub_0011BE60,0x0011BE60,0x0011BF68,264
sub_0011BF68,0x0011BF68,0x0011BFB8,80
sub_0011BFB8,0x0011BFB8,0x0011BFE0,40
sub_0011BFE0,0x0011BFE0,0x0011C0C0,224
sub_0011C0C0,0x0011C0C0,0x0011C168,168
sub_0011C168,0x0011C168,0x0011C218,176
sub_0011C218,0x0011C218,0x0011C248,48
sub_0011C248,0x0011C248,0x0011C288,64
sub_0011C288,0x0011C288,0x0011C2E0,88
sub_0011C2E0,0x0011C2E0,0x0011C3A0,192
sub_0011C3A0,0x0011C3A0,0x0011C448,168
sub_0011C448,0x0011C448,0x0011C4F0,168
sub_0011C4F0,0x0011C4F0,0x0011C5A8,184
sub_0011C5A8,0x0011C5A8,0x0011C5B0,8
sub_0011C5B0,0x0011C5B0,0x0011C5D8,40
sub_0011C5D8,0x0011C5D8,0x0011C738,352
sub_0011C738,0x0011C738,0x0011C7E0,168
sub_0011C7E0,0x0011C7E0,0x0011C850,112
sub_0011C850,0x0011C850,0x0011C888,56
sub_0011C888,0x0011C888,0x0011C8D0,72
sub_0011C8D0,0x0011C8D0,0x0011C920,80
sub_0011C920,0x0011C920,0x0011C950,48
sub_0011C950,0x0011C950,0x0011C990,64
sub_0011C990,0x0011C990,0x0011CA70,224
sub_0011CA70,0x0011CA70,0x0011CB70,256
sub_0011CB70,0x0011CB70,0x0011CBD0,96
sub_0011CBD0,0x0011CBD0,0x0011CC58,136
sub_0011CC58,0x0011CC58,0x0011CF78,800
sub_0011CF78,0x0011CF78,0x0011D1D0,600
sub_0011D1D0,0x0011D1D0,0x0011D2B8,232
sub_0011D2B8,0x0011D2B8,0x0011D498,480
sub_0011D498,0x0011D498,0x0011D4C8,48
sub_0011D4C8,0x0011D4C8,0x0011D530,104
sub_0011D530,0x0011D530,0x0011D548,24
sub_0011D548,0x0011D548,0x0011D560,24
sub_0011D560,0x0011D560,0x0011D648,232
sub_0011D648,0x0011D648,0x0011D7E0,408
sub_0011D7E0,0x0011D7E0,0x0011D868,136
sub_0011D868,0x0011D868,0x0011D8A0,56
sub_0011D8A0,0x0011D8A0,0x0011D8D8,56
sub_0011D8D8,0x0011D8D8,0x0011D990,184
sub_0011D990,0x0011D990,0x0011DA68,216
sub_0011DA68,0x0011DA68,0x0011DA90,40
sub_0011DA90,0x0011DA90,0x0011DB40,176
sub_0011DB40,0x0011DB40,0x0011DBD0,144
sub_0011DBD0,0x0011DBD0,0x0011DDE8,536
sub_0011DDE8,0x0011DDE8,0x0011E018,560
sub_0011E018,0x0011E018,0x0011E090,120
sub_0011E090,0x0011E090,0x0011E190,256
sub_0011E190,0x0011E190,0x0011E3E8,600
sub_0011E3E8,0x0011E3E8,0x0011E5E8,512
sub_0011E5E8,0x0011E5E8,0x0011E7B0,456
sub_0011E7B0,0x0011E7B0,0x0011E8D0,288
sub_0011E8D0,0x0011E8D0,0x0011EA98,456
sub_0011EA98,0x0011EA98,0x0011EAB8,32
sub_0011EAB8,0x0011EAB8,0x0011EB68,176
sub_0011EB68,0x0011EB68,0x0011EC60,248
sub_0011EC60,0x0011EC60,0x0011ECD8,120
sub_0011ECD8,0x0011ECD8,0x0011ED88,176
sub_0011ED88,0x0011ED88,0x0011EE40,184
sub_0011EE40,0x0011EE40,0x0011EE88,72
sub_0011EE88,0x0011EE88,0x0011EF28,160
sub_0011EF28,0x0011EF28,0x0011EF98,112
sub_0011EF98,0x0011EF98,0x0011F018,128
sub_0011F018,0x0011F018,0x0011F098,128
sub_0011F098,0x0011F098,0x0011F128,144
sub_0011F128,0x0011F128,0x0011F278,336
sub_0011F278,0x0011F278,0x0011F2A0,40
sub_0011F2A0,0x0011F2A0,0x0011F400,352
sub_0011F400,0x0011F400,0x0011F468,104
sub_0011F468,0x0011F468,0x0011F498,48
sub_0011F498,0x0011F498,0x0011F598,256
sub_0011F598,0x0011F598,0x0011F5A0,8
sub_0011F5A0,0x0011F5A0,0x0011F5A8,8
sub_0011F5A8,0x0011F5A8,0x0011F5F8,80
sub_0011F5F8,0x0011F5F8,0x0011F7E0,488
sub_0011F7E0,0x0011F7E0,0x0011F870,144
sub_0011F870,0x0011F870,0x0011F990,288
sub_0011F990,0x0011F990,0x0011F9B8,40
sub_0011F9B8,0x0011F9B8,0x0011FA48,144
sub_0011FA48,0x0011FA48,0x0011FC28,480
sub_0011FC28,0x0011FC28,0x0011FC50,40
sub_0011FC50,0x0011FC50,0x0011FEA0,592
sub_0011FEA0,0x0011FEA0,0x00120488,1512
sub_00120488,0x00120488,0x00120498,16
sub_00120498,0x00120498,0x00120740,680
sub_00120740,0x00120740,0x00120800,192
sub_00120800,0x00120800,0x00120888,136
sub_00120888,0x00120888,0x001208C8,64
sub_001208C8,0x001208C8,0x00120D80,1208
sub_00120D80,0x00120D80,0x00121118,920
sub_00121118,0x00121118,0x00121128,16
sub_00121128,0x00121128,0x001215F0,1224
sub_001215F0,0x001215F0,0x00121688,152
sub_00121688,0x00121688,0x00121AB8,1072
sub_00121AB8,0x00121AB8,0x00121B48,144
sub_00121B48,0x00121B48,0x00121BA8,96
sub_00121BA8,0x00121BA8,0x00121CE0,312
sub_00121CE0,0x00121CE0,0x00121DC0,224
sub_00121DC0,0x00121DC0,0x00121E50,144
sub_00121E50,0x00121E50,0x00121E58,8
sub_00121E58,0x00121E58,0x00121F58,256
sub_00121F58,0x00121F58,0x00121F68,16
sub_00121F68,0x00121F68,0x00121F80,24
sub_00121F80,0x00121F80,0x00121FC0,64
sub_00121FC0,0x00121FC0,0x00121FC8,8
sub_00121FC8,0x00121FC8,0x00122000,56
sub_00122000,0x00122000,0x00122060,96
sub_00122060,0x00122060,0x001220C8,104
sub_001220C8,0x001220C8,0x00122140,120
sub_00122140,0x00122140,0x001221B8,120
sub_001221B8,0x001221B8,0x00122220,104
sub_00122220,0x00122220,0x00122298,120
sub_00122298,0x00122298,0x00122310,120
sub_00122310,0x00122310,0x00122430,288
sub_00122430,0x00122430,0x00122650,544
sub_00122650,0x00122650,0x001227C0,368
sub_001227C0,0x001227C0,0x001227C8,8
sub_001227C8,0x001227C8,0x00122910,328
sub_00122910,0x00122910,0x00122AB0,416
sub_00122AB0,0x00122AB0,0x00122B00,80
sub_00122B00,0x00122B00,0x00122C58,344
sub_00122C58,0x00122C58,0x00122C88,48
sub_00122C88,0x00122C88,0x00122E78,496
sub_00122E78,0x00122E78,0x001230A8,560
sub_001230A8,0x001230A8,0x001230D8,48
sub_001230D8,0x001230D8,0x00123290,440
sub_00123290,0x00123290,0x001232C0,48
sub_001232C0,0x001232C0,0x001237E8,1320
sub_001237E8,0x001237E8,0x00123AD8,752
sub_00123AD8,0x00123AD8,0x00123B08,48
sub_00123B08,0x00123B08,0x00123E18,784
sub_00123E18,0x00123E18,0x00123E48,48
sub_00123E48,0x00123E48,0x00124158,784
sub_00124158,0x00124158,0x00124188,48
sub_00124188,0x00124188,0x00124488,768
sub_00124488,0x00124488,0x001244B8,48
sub_001244B8,0x001244B8,0x00124810,856
sub_00124810,0x00124810,0x00124840,48
sub_00124840,0x00124840,0x001249C8,392
sub_001249C8,0x001249C8,0x00125170,1960
sub_00125170,0x00125170,0x001251A0,48
sub_001251A0,0x001251A0,0x001252E0,320
sub_001252E0,0x001252E0,0x00125858,1400
sub_00125858,0x00125858,0x00125888,48
sub_00125888,0x00125888,0x00125970,232
sub_00125970,0x00125970,0x00125A48,216
sub_00125A48,0x00125A48,0x00125B60,280
sub_00125B60,0x00125B60,0x00125BB8,88
sub_00125BB8,0x00125BB8,0x00125BE0,40
sub_00125BE0,0x00125BE0,0x00125C68,136
sub_00125C68,0x00125C68,0x00125D08,160
sub_00125D08,0x00125D08,0x001261D0,1224
sub_001261D0,0x001261D0,0x001262C8,248
sub_001262C8,0x001262C8,0x00126610,840
sub_00126610,0x00126610,0x00126828,536
sub_00126828,0x00126828,0x00126CF8,1232
sub_00126CF8,0x00126CF8,0x00127000,776
sub_00127000,0x00127000,0x00127240,576
sub_00127240,0x00127240,0x00127578,824
sub_00127578,0x00127578,0x001275E0,104
sub_001275E0,0x001275E0,0x00127918,824
sub_00127918,0x00127918,0x00127FF0,1752
sub_00127FF0,0x00127FF0,0x001281C8,472
sub_001281C8,0x001281C8,0x00129820,5720
sub_00129820,0x00129820,0x001298F0,208
sub_001298F0,0x001298F0,0x00129990,160
sub_00129990,0x00129990,0x00129A18,136
sub_00129A18,0x00129A18,0x0012A2A8,2192
sub_0012A2A8,0x0012A2A8,0x0012A330,136
sub_0012A330,0x0012A330,0x0012A4E8,440
sub_0012A4E8,0x0012A4E8,0x0012A6C8,480
sub_0012A6C8,0x0012A6C8,0x0012AA18,848
sub_0012AA18,0x0012AA18,0x0012AAD0,184
sub_0012AAD0,0x0012AAD0,0x0012AB90,192
sub_0012AB90,0x0012AB90,0x0012ABA0,16
sub_0012ABA0,0x0012ABA0,0x0012B0F0,1360
sub_0012B0F0,0x0012B0F0,0x0012B168,120
sub_0012B168,0x0012B168,0x0012B2B8,336
sub_0012B2B8,0x0012B2B8,0x0012B3F0,312
sub_0012B3F0,0x0012B3F0,0x0012B530,320
sub_0012B530,0x0012B530,0x0012B770,576
sub_0012B770,0x0012B770,0x0012B808,152
sub_0012B808,0x0012B808,0x0012B878,112
sub_0012B878,0x0012B878,0x0012BA00,392
sub_0012BA00,0x0012BA00,0x0012BAB8,184
sub_0012BAB8,0x0012BAB8,0x0012BB00,72
sub_0012BB00,0x0012BB00,0x0012BBE8,232
sub_0012BBE8,0x0012BBE8,0x0012BC30,72
sub_0012BC30,0x0012BC30,0x0012BC68,56
sub_0012BC68,0x0012BC68,0x0012BC98,48
sub_0012BC98,0x0012BC98,0x0012BCC8,48
sub_0012BCC8,0x0012BCC8,0x0012BD30,104
sub_0012BD30,0x0012BD30,0x0012BD68,56
sub_0012BD68,0x0012BD68,0x0012BDA0,56
sub_0012BDA0,0x0012BDA0,0x0012BFC8,552
sub_0012BFC8,0x0012BFC8,0x0012BFF0,40
sub_0012BFF0,0x0012BFF0,0x0012C108,280
sub_0012C108,0x0012C108,0x0012C178,112
sub_0012C178,0x0012C178,0x0012C1A8,48
sub_0012C1A8,0x0012C1A8,0x0012C448,672
sub_0012C448,0x0012C448,0x0012C478,48
sub_0012C478,0x0012C478,0x0012C790,792
sub_0012C790,0x0012C790,0x0012C908,376
sub_0012C908,0x0012C908,0x0012CA78,368
sub_0012CA78,0x0012CA78,0x0012CFD0,1368
sub_0012CFD0,0x0012CFD0,0x0012D170,416
sub_0012D170,0x0012D170,0x0012D5A8,1080
sub_0012D5A8,0x0012D5A8,0x0012DAC8,1312
sub_0012DAC8,0x0012DAC8,0x0012DD10,584
sub_0012DD10,0x0012DD10,0x0012DD60,80
sub_0012DD60,0x0012DD60,0x0012DDC0,96
sub_0012DDC0,0x0012DDC0,0x0012DE70,176
sub_0012DE70,0x0012DE70,0x0012E2F8,1160
sub_0012E2F8,0x0012E2F8,0x0012E410,280
sub_0012E410,0x0012E410,0x0012E468,88
sub_0012E468,0x0012E468,0x0012E4C8,96
sub_0012E4C8,0x0012E4C8,0x0012E4D0,8
sub_0012E4D0,0x0012E4D0,0x0012E518,72
sub_0012E518,0x0012E518,0x0012E5D0,184
sub_0012E5D0,0x0012E5D0,0x0012E768,408
sub_0012E768,0x0012E768,0x0012E8F0,392
sub_0012E8F0,0x0012E8F0,0x0012ECC8,984
sub_0012ECC8,0x0012ECC8,0x0012ED00,56
sub_0012ED00,0x0012ED00,0x0012ED78,120
sub_0012ED78,0x0012ED78,0x0012EDA8,48
sub_0012EDA8,0x0012EDA8,0x0012EEB0,264
sub_0012EEB0,0x0012EEB0,0x0012EEC0,16
sub_0012EEC0,0x0012EEC0,0x0012F080,448
sub_0012F080,0x0012F080,0x0012F158,216
sub_0012F158,0x0012F158,0x0012F1D8,128
sub_0012F1D8,0x0012F1D8,0x0012F288,176
sub_0012F288,0x0012F288,0x0012F348,192
sub_0012F348,0x0012F348,0x0012F398,80
sub_0012F398,0x0012F398,0x0012F508,368
sub_0012F508,0x0012F508,0x0012F5A8,160
sub_0012F5A8,0x0012F5A8,0x0012F658,176
sub_0012F658,0x0012F658,0x0012F718,192
sub_0012F718,0x0012F718,0x0012F7B8,160
sub_0012F7B8,0x0012F7B8,0x0012F7F8,64
sub_0012F7F8,0x0012F7F8,0x0012FA08,528
sub_0012FA08,0x0012FA08,0x0012FD28,800
sub_0012FD28,0x0012FD28,0x0012FEB8,400
sub_0012FEB8,0x0012FEB8,0x0012FED8,32
sub_0012FED8,0x0012FED8,0x0012FEE0,8
sub_0012FEE0,0x0012FEE0,0x0012FF30,80
sub_0012FF30,0x0012FF30,0x0012FF70,64
sub_0012FF70,0x0012FF70,0x00130048,216
sub_00130048,0x00130048,0x001300C8,128
sub_001300C8,0x001300C8,0x00130140,120
sub_00130140,0x00130140,0x00130240,256
sub_00130240,0x00130240,0x001302B8,120
sub_001302B8,0x001302B8,0x00130310,88
sub_00130310,0x00130310,0x00130370,96
sub_00130370,0x00130370,0x001303D0,96
sub_001303D0,0x001303D0,0x001307C8,1016
sub_001307C8,0x001307C8,0x001308E0,280
sub_001308E0,0x001308E0,0x001309C0,224
sub_001309C0,0x001309C0,0x00130D28,872
sub_00130D28,0x00130D28,0x00130E60,312
sub_00130E60,0x00130E60,0x00130F48,232
sub_00130F48,0x00130F48,0x00131038,240
sub_00131038,0x00131038,0x001310D0,152
sub_001310D0,0x001310D0,0x00131168,152
sub_00131168,0x00131168,0x001311E0,120
sub_001311E0,0x001311E0,0x00131248,104
sub_00131248,0x00131248,0x00131288,64
sub_00131288,0x00131288,0x00131300,120
sub_00131300,0x00131300,0x001313B0,176
sub_001313B0,0x001313B0,0x00131460,176
sub_00131460,0x00131460,0x00131570,272
sub_00131570,0x00131570,0x001315C8,88
sub_001315C8,0x001315C8,0x001315D8,16
sub_001315D8,0x001315D8,0x001315F0,24
sub_001315F0,0x001315F0,0x00131618,40
sub_00131618,0x00131618,0x00131848,560
sub_00131848,0x00131848,0x00131960,280
sub_00131960,0x00131960,0x001319D0,112
sub_001319D0,0x001319D0,0x00131A58,136
sub_00131A58,0x00131A58,0x00131AB0,88
sub_00131AB0,0x00131AB0,0x00131AC8,24
sub_00131AC8,0x00131AC8,0x00131AE8,32
sub_00131AE8,0x00131AE8,0x00131C18,304
sub_00131C18,0x00131C18,0x00131F40,808
sub_00131F40,0x00131F40,0x00132088,328
sub_00132088,0x00132088,0x00132480,1016
sub_00132480,0x00132480,0x00132508,136
sub_00132508,0x00132508,0x00132530,40
sub_00132530,0x00132530,0x00132648,280
sub_00132648,0x00132648,0x00132688,64
sub_00132688,0x00132688,0x00132728,160
sub_00132728,0x00132728,0x00132768,64
sub_00132768,0x00132768,0x001327B8,80
sub_001327B8,0x001327B8,0x00132820,104
sub_00132820,0x00132820,0x00132888,104
sub_00132888,0x00132888,0x00132DC0,1336
sub_00132DC0,0x00132DC0,0x00132E38,120
sub_00132E38,0x00132E38,0x00132E70,56
sub_00132E70,0x00132E70,0x00132EA0,48
sub_00132EA0,0x00132EA0,0x00132FD0,304
sub_00132FD0,0x00132FD0,0x00133258,648
sub_00133258,0x00133258,0x00133450,504
sub_00133450,0x00133450,0x001335F8,424
sub_001335F8,0x001335F8,0x001337A0,424
sub_001337A0,0x001337A0,0x00133AC0,800
sub_00133AC0,0x00133AC0,0x00133B78,184
sub_00133B78,0x00133B78,0x00133C58,224
sub_00133C58,0x00133C58,0x00133E30,472
sub_00133E30,0x00133E30,0x00133E78,72
sub_00133E78,0x00133E78,0x00133ED0,88
sub_00133ED0,0x00133ED0,0x00134330,1120
sub_00134330,0x00134330,0x00134390,96
sub_00134390,0x00134390,0x00134448,184
sub_00134448,0x00134448,0x00134568,288
sub_00134568,0x00134568,0x00134708,416
sub_00134708,0x00134708,0x00134768,96
sub_00134768,0x00134768,0x00134980,536
sub_00134980,0x00134980,0x001349E8,104
sub_001349E8,0x001349E8,0x00134A40,88
sub_00134A40,0x00134A40,0x00134A50,16
sub_00134A50,0x00134A50,0x00134A88,56
sub_00134A88,0x00134A88,0x00134C20,408
sub_00134C20,0x00134C20,0x00135358,1848
sub_00135358,0x00135358,0x001355A8,592
sub_001355A8,0x001355A8,0x00135908,864
sub_00135908,0x00135908,0x001359E0,216
sub_001359E0,0x001359E0,0x00135AE0,256
sub_00135AE0,0x00135AE0,0x00135CC8,488
sub_00135CC8,0x00135CC8,0x00135D18,80
sub_00135D18,0x00135D18,0x00135F70,600
sub_00135F70,0x00135F70,0x00135FC0,80
sub_00135FC0,0x00135FC0,0x00135FE8,40
sub_00135FE8,0x00135FE8,0x00136050,104
sub_00136050,0x00136050,0x00136260,528
sub_00136260,0x00136260,0x001362B0,80
sub_001362B0,0x001362B0,0x001362E8,56
sub_001362E8,0x001362E8,0x00136490,424
sub_00136490,0x00136490,0x001364F0,96
sub_001364F0,0x001364F0,0x001365A8,184
sub_001365A8,0x001365A8,0x00136728,384
sub_00136728,0x00136728,0x00136870,328
sub_00136870,0x00136870,0x00136990,288
sub_00136990,0x00136990,0x00136BD8,584
sub_00136BD8,0x00136BD8,0x00136E48,624
sub_00136E48,0x00136E48,0x00137098,592
sub_00137098,0x00137098,0x00137290,504
sub_00137290,0x00137290,0x00137508,632
sub_00137508,0x00137508,0x00137AF8,1520
sub_00137AF8,0x00137AF8,0x00138108,1552
sub_00138108,0x00138108,0x00138360,600
sub_00138360,0x00138360,0x001383A8,72
sub_001383A8,0x001383A8,0x001384E8,320
sub_001384E8,0x001384E8,0x001385D8,240
sub_001385D8,0x001385D8,0x00138708,304
sub_00138708,0x00138708,0x00138740,56
sub_00138740,0x00138740,0x00138778,56
sub_00138778,0x00138778,0x001387C0,72
sub_001387C0,0x001387C0,0x00138870,176
sub_00138870,0x00138870,0x001388B0,64
sub_001388B0,0x001388B0,0x001388F0,64
sub_001388F0,0x001388F0,0x00138930,64
sub_00138930,0x00138930,0x00138970,64
sub_00138970,0x00138970,0x00138978,8
sub_00138978,0x00138978,0x001389D8,96
sub_001389D8,0x001389D8,0x00138B10,312
sub_00138B10,0x00138B10,0x00138CB0,416
sub_00138CB0,0x00138CB0,0x00138D48,152
sub_00138D48,0x00138D48,0x00138DE8,160
sub_00138DE8,0x00138DE8,0x00138E78,144
sub_00138E78,0x00138E78,0x00138F78,256
sub_00138F78,0x00138F78,0x00138FD8,96
sub_00138FD8,0x00138FD8,0x001391A8,464
sub_001391A8,0x001391A8,0x00139220,120
sub_00139220,0x00139220,0x00139C28,2568
sub_00139C28,0x00139C28,0x0013A198,1392
sub_0013A198,0x0013A198,0x0013A1A0,8
sub_0013A1A0,0x0013A1A0,0x0013A570,976
sub_0013A570,0x0013A570,0x0013A758,488
sub_0013A758,0x0013A758,0x0013A958,512
sub_0013A958,0x0013A958,0x0013AA68,272
sub_0013AA68,0x0013AA68,0x0013AED0,1128
sub_0013AED0,0x0013AED0,0x0013AF60,144
sub_0013AF60,0x0013AF60,0x0013B048,232
sub_0013B048,0x0013B048,0x0013B538,1264
sub_0013B538,0x0013B538,0x0013B648,272
sub_0013B648,0x0013B648,0x0013B7E8,416
sub_0013B7E8,0x0013B7E8,0x0013C020,2104
sub_0013C020,0x0013C020,0x0013C050,48
sub_0013C050,0x0013C050,0x0013C348,760
sub_0013C348,0x0013C348,0x0013C3C0,120
sub_0013C3C0,0x0013C3C0,0x0013C6A0,736
sub_0013C6A0,0x0013C6A0,0x0013CA50,944
sub_0013CA50,0x0013CA50,0x0013CFF0,1440
sub_0013CFF0,0x0013CFF0,0x0013D268,632
sub_0013D268,0x0013D268,0x0013D328,192
sub_0013D328,0x0013D328,0x0013D458,304
sub_0013D458,0x0013D458,0x0013D630,472
sub_0013D630,0x0013D630,0x0013D668,56
sub_0013D668,0x0013D668,0x0013D688,32
sub_0013D688,0x0013D688,0x0013D6C0,56
sub_0013D6C0,0x0013D6C0,0x0013D6E0,32
sub_0013D6E0,0x0013D6E0,0x0013D710,48
sub_0013D710,0x0013D710,0x0013D8A0,400
sub_0013D8A0,0x0013D8A0,0x0013D910,112
sub_0013D910,0x0013D910,0x0013DA10,256
sub_0013DA10,0x0013DA10,0x0013DB18,264
sub_0013DB18,0x0013DB18,0x0013DB28,16
sub_0013DB28,0x0013DB28,0x0013DB98,112
sub_0013DB98,0x0013DB98,0x0013DC78,224
sub_0013DC78,0x0013DC78,0x0013DE28,432
sub_0013DE28,0x0013DE28,0x0013E090,616
sub_0013E090,0x0013E090,0x0013E0C0,48
sub_0013E0C0,0x0013E0C0,0x0013E158,152
sub_0013E158,0x0013E158,0x0013E180,40
sub_0013E180,0x0013E180,0x0013E1C0,64
sub_0013E1C0,0x0013E1C0,0x0013E1F8,56
sub_0013E1F8,0x0013E1F8,0x0013E2C8,208
sub_0013E2C8,0x0013E2C8,0x0013E318,80
sub_0013E318,0x0013E318,0x0013E368,80
sub_0013E368,0x0013E368,0x0013E370,8
sub_0013E370,0x0013E370,0x0013E3E0,112
sub_0013E3E0,0x0013E3E0,0x0013E420,64
sub_0013E420,0x0013E420,0x0013E460,64
sub_0013E460,0x0013E460,0x0013E5C0,352
sub_0013E5C0,0x0013E5C0,0x0013E670,176
sub_0013E670,0x0013E670,0x0013E6D0,96
sub_0013E6D0,0x0013E6D0,0x0013E750,128
sub_0013E750,0x0013E750,0x0013EA20,720
sub_0013EA20,0x0013EA20,0x0013EA58,56
sub_0013EA58,0x0013EA58,0x0013EB48,240
sub_0013EB48,0x0013EB48,0x0013EBA8,96
sub_0013EBA8,0x0013EBA8,0x0013EBD0,40
sub_0013EBD0,0x0013EBD0,0x0013EC48,120
sub_0013EC48,0x0013EC48,0x0013EC90,72
sub_0013EC90,0x0013EC90,0x0013EDF0,352
sub_0013EDF0,0x0013EDF0,0x0013EE98,168
sub_0013EE98,0x0013EE98,0x0013EEE8,80
sub_0013EEE8,0x0013EEE8,0x0013EF20,56
sub_0013EF20,0x0013EF20,0x0013EF68,72
sub_0013EF68,0x0013EF68,0x0013EFF0,136
sub_0013EFF0,0x0013EFF0,0x0013F4E0,1264
sub_0013F4E0,0x0013F4E0,0x0013F540,96
sub_0013F540,0x0013F540,0x0013F590,80
sub_0013F590,0x0013F590,0x0013F5E0,80
sub_0013F5E0,0x0013F5E0,0x0013F648,104
sub_0013F648,0x0013F648,0x0013F6B8,112
sub_0013F6B8,0x0013F6B8,0x0013F730,120
sub_0013F730,0x0013F730,0x0013F7C8,152
sub_0013F7C8,0x0013F7C8,0x0013F8A0,216
sub_0013F8A0,0x0013F8A0,0x0013F8C8,40
sub_0013F8C8,0x0013F8C8,0x0013F8E8,32
sub_0013F8E8,0x0013F8E8,0x0013F970,136
sub_0013F970,0x0013F970,0x0013F9C8,88
sub_0013F9C8,0x0013F9C8,0x0013FA20,88
sub_0013FA20,0x0013FA20,0x0013FA48,40
sub_0013FA48,0x0013FA48,0x0013FA78,48
sub_0013FA78,0x0013FA78,0x0013FAB8,64
sub_0013FAB8,0x0013FAB8,0x0013FB48,144
sub_0013FB48,0x0013FB48,0x0013FCA8,352
sub_0013FCA8,0x0013FCA8,0x0013FE10,360
sub_0013FE10,0x0013FE10,0x001401A0,912
sub_001401A0,0x001401A0,0x001403C8,552
sub_001403C8,0x001403C8,0x00140578,432
sub_00140578,0x00140578,0x00140660,232
sub_00140660,0x00140660,0x00140878,536
sub_00140878,0x00140878,0x00140918,160
sub_00140918,0x00140918,0x00140948,48
sub_00140948,0x00140948,0x00140AB8,368
sub_00140AB8,0x00140AB8,0x00140C28,368
sub_00140C28,0x00140C28,0x00140DA8,384
sub_00140DA8,0x00140DA8,0x00140FA8,512
sub_00140FA8,0x00140FA8,0x00141030,136
sub_00141030,0x00141030,0x00141090,96
sub_00141090,0x00141090,0x001410E8,88
sub_001410E8,0x001410E8,0x001411B8,208
sub_001411B8,0x001411B8,0x00141350,408
sub_00141350,0x00141350,0x001413E8,152
sub_001413E8,0x001413E8,0x00141710,808
sub_00141710,0x00141710,0x00141768,88
sub_00141768,0x00141768,0x001417D8,112
sub_001417D8,0x001417D8,0x001418C8,240
sub_001418C8,0x001418C8,0x00141AF0,552
sub_00141AF0,0x00141AF0,0x00141B78,136
sub_00141B78,0x00141B78,0x001421E0,1640
sub_001421E0,0x001421E0,0x001426C0,1248
sub_001426C0,0x001426C0,0x001429E8,808
sub_001429E8,0x001429E8,0x00142DA0,952
sub_00142DA0,0x00142DA0,0x00142E00,96
sub_00142E00,0x00142E00,0x00143008,520
sub_00143008,0x00143008,0x001431F8,496
sub_001431F8,0x001431F8,0x00143620,1064
sub_00143620,0x00143620,0x001439A0,896
sub_001439A0,0x001439A0,0x00143A18,120
sub_00143A18,0x00143A18,0x00143B38,288
sub_00143B38,0x00143B38,0x00143C08,208
sub_00143C08,0x00143C08,0x00143C58,80
sub_00143C58,0x00143C58,0x00143C78,32
sub_00143C78,0x00143C78,0x00143C98,32
sub_00143C98,0x00143C98,0x00143D70,216
sub_00143D70,0x00143D70,0x00143E00,144
sub_00143E00,0x00143E00,0x00143E98,152
sub_00143E98,0x00143E98,0x00143F68,208
sub_00143F68,0x00143F68,0x00143F78,16
sub_00143F78,0x00143F78,0x00144040,200
sub_00144040,0x00144040,0x00144088,72
sub_00144088,0x00144088,0x00144138,176
sub_00144138,0x00144138,0x00144278,320
sub_00144278,0x00144278,0x001443C8,336
sub_001443C8,0x001443C8,0x00144410,72
sub_00144410,0x00144410,0x00144450,64
sub_00144450,0x00144450,0x00144520,208
sub_00144520,0x00144520,0x00144578,88
sub_00144578,0x00144578,0x001445D0,88
sub_001445D0,0x001445D0,0x00144628,88
sub_00144628,0x00144628,0x00144680,88
sub_00144680,0x00144680,0x00144730,176
sub_00144730,0x00144730,0x00144790,96
sub_00144790,0x00144790,0x001447E0,80
sub_001447E0,0x001447E0,0x001448A0,192
sub_001448A0,0x001448A0,0x001449D0,304
sub_001449D0,0x001449D0,0x00144A20,80
sub_00144A20,0x00144A20,0x00144BE8,456
sub_00144BE8,0x00144BE8,0x00144D20,312
sub_00144D20,0x00144D20,0x00144DE8,200
sub_00144DE8,0x00144DE8,0x00144E40,88
sub_00144E40,0x00144E40,0x00144F18,216
sub_00144F18,0x00144F18,0x001451E0,712
sub_001451E0,0x001451E0,0x001452F0,272
sub_001452F0,0x001452F0,0x001452F8,8
sub_001452F8,0x001452F8,0x001460C0,3528
sub_001460C0,0x001460C0,0x00146158,152
sub_00146158,0x00146158,0x001461D8,128
sub_001461D8,0x001461D8,0x001461E0,8
sub_001461E0,0x001461E0,0x00146208,40
sub_00146208,0x00146208,0x00146D98,2960
sub_00146D98,0x00146D98,0x00146DE8,80
sub_00146DE8,0x00146DE8,0x00146FB8,464
sub_00146FB8,0x00146FB8,0x00147520,1384
sub_00147520,0x00147520,0x00147BF8,1752
sub_00147BF8,0x00147BF8,0x00148330,1848
sub_00148330,0x00148330,0x00148360,48
sub_00148360,0x00148360,0x001483A0,64
sub_001483A0,0x001483A0,0x001483E0,64
sub_001483E0,0x001483E0,0x00148408,40
sub_00148408,0x00148408,0x00148458,80
sub_00148458,0x00148458,0x001490D8,3200
sub_001490D8,0x001490D8,0x00149168,144
sub_00149168,0x00149168,0x001491A0,56
sub_001491A0,0x001491A0,0x001491C8,40
sub_001491C8,0x001491C8,0x00149340,376
sub_00149340,0x00149340,0x001493E8,168
sub_001493E8,0x001493E8,0x00149958,1392
sub_00149958,0x00149958,0x00149B10,440
sub_00149B10,0x00149B10,0x00149B60,80
sub_00149B60,0x00149B60,0x00149C38,216
sub_00149C38,0x00149C38,0x00149F78,832
sub_00149F78,0x00149F78,0x00149FA0,40
sub_00149FA0,0x00149FA0,0x0014A290,752
sub_0014A290,0x0014A290,0x0014A470,480
sub_0014A470,0x0014A470,0x0014A560,240
sub_0014A560,0x0014A560,0x0014A8A0,832
sub_0014A8A0,0x0014A8A0,0x0014A8D0,48
sub_0014A8D0,0x0014A8D0,0x0014A8E0,16
sub_0014A8E0,0x0014A8E0,0x0014AA78,408
sub_0014AA78,0x0014AA78,0x0014AB00,136
sub_0014AB00,0x0014AB00,0x0014AB10,16
sub_0014AB10,0x0014AB10,0x0014AB20,16
sub_0014AB20,0x0014AB20,0x0014AB38,24
sub_0014AB38,0x0014AB38,0x0014ABF8,192
sub_0014ABF8,0x0014ABF8,0x0014AD28,304
sub_0014AD28,0x0014AD28,0x0014AE30,264
sub_0014AE30,0x0014AE30,0x0014AE68,56
sub_0014AE68,0x0014AE68,0x0014B0C8,608
sub_0014B0C8,0x0014B0C8,0x0014B108,64
sub_0014B108,0x0014B108,0x0014B130,40
sub_0014B130,0x0014B130,0x0014B160,48
sub_0014B160,0x0014B160,0x0014B238,216
sub_0014B238,0x0014B238,0x0014B260,40
sub_0014B260,0x0014B260,0x0014B298,56
sub_0014B298,0x0014B298,0x0014B2D0,56
sub_0014B2D0,0x0014B2D0,0x0014B4F8,552
sub_0014B4F8,0x0014B4F8,0x0014B570,120
sub_0014B570,0x0014B570,0x0014B680,272
sub_0014B680,0x0014B680,0x0014B6C8,72
sub_0014B6C8,0x0014B6C8,0x0014B890,456
sub_0014B890,0x0014B890,0x0014B8C8,56
sub_0014B8C8,0x0014B8C8,0x0014B910,72
sub_0014B910,0x0014B910,0x0014B948,56
sub_0014B948,0x0014B948,0x0014B9F8,176
sub_0014B9F8,0x0014B9F8,0x0014BB20,296
sub_0014BB20,0x0014BB20,0x0014BB58,56
sub_0014BB58,0x0014BB58,0x0014BC58,256
sub_0014BC58,0x0014BC58,0x0014C048,1008
sub_0014C048,0x0014C048,0x0014C1A0,344
sub_0014C1A0,0x0014C1A0,0x0014C258,184
sub_0014C258,0x0014C258,0x0014C278,32
sub_0014C278,0x0014C278,0x0014C2F0,120
sub_0014C2F0,0x0014C2F0,0x0014C388,152
sub_0014C388,0x0014C388,0x0014C3C8,64
sub_0014C3C8,0x0014C3C8,0x0014C4E8,288
sub_0014C4E8,0x0014C4E8,0x0014C8F8,1040
sub_0014C8F8,0x0014C8F8,0x0014C950,88
sub_0014C950,0x0014C950,0x0014CAE8,408
sub_0014CAE8,0x0014CAE8,0x0014CD38,592
sub_0014CD38,0x0014CD38,0x0014CDF8,192
sub_0014CDF8,0x0014CDF8,0x0014CE90,152
sub_0014CE90,0x0014CE90,0x0014CEE8,88
sub_0014CEE8,0x0014CEE8,0x0014CF20,56
sub_0014CF20,0x0014CF20,0x0014CFC8,168
sub_0014CFC8,0x0014CFC8,0x0014D080,184
sub_0014D080,0x0014D080,0x0014D378,760
sub_0014D378,0x0014D378,0x0014D860,1256
sub_0014D860,0x0014D860,0x0014D9A0,320
sub_0014D9A0,0x0014D9A0,0x0014DA78,216
sub_0014DA78,0x0014DA78,0x0014DB88,272
sub_0014DB88,0x0014DB88,0x0014DC70,232
sub_0014DC70,0x0014DC70,0x0014DF58,744
sub_0014DF58,0x0014DF58,0x0014E080,296
sub_0014E080,0x0014E080,0x0014E1D8,344
sub_0014E1D8,0x0014E1D8,0x0014E3B0,472
sub_0014E3B0,0x0014E3B0,0x0014E570,448
sub_0014E570,0x0014E570,0x0014E8F0,896
sub_0014E8F0,0x0014E8F0,0x0014E9D8,232
sub_0014E9D8,0x0014E9D8,0x0014EB00,296
sub_0014EB00,0x0014EB00,0x0014ED00,512
sub_0014ED00,0x0014ED00,0x0014ED58,88
sub_0014ED58,0x0014ED58,0x0014EDE0,136
sub_0014EDE0,0x0014EDE0,0x0014EE18,56
sub_0014EE18,0x0014EE18,0x0014EE80,104
sub_0014EE80,0x0014EE80,0x0014EF00,128
sub_0014EF00,0x0014EF00,0x0014EF60,96
sub_0014EF60,0x0014EF60,0x0014EFC0,96
sub_0014EFC0,0x0014EFC0,0x0014EFE8,40
sub_0014EFE8,0x0014EFE8,0x0014F490,1192
sub_0014F490,0x0014F490,0x0014F500,112
sub_0014F500,0x0014F500,0x0014F5F0,240
sub_0014F5F0,0x0014F5F0,0x0014F720,304
sub_0014F720,0x0014F720,0x0014F850,304
sub_0014F850,0x0014F850,0x0014F8D8,136
sub_0014F8D8,0x0014F8D8,0x0014FCD8,1024
sub_0014FCD8,0x0014FCD8,0x0014FEC8,496
sub_0014FEC8,0x0014FEC8,0x001500B0,488
sub_001500B0,0x001500B0,0x00150138,136
sub_00150138,0x00150138,0x001501C0,136
sub_001501C0,0x001501C0,0x00150220,96
sub_00150220,0x00150220,0x00150250,48
sub_00150250,0x00150250,0x001502B0,96
sub_001502B0,0x001502B0,0x00150308,88
sub_00150308,0x00150308,0x00150340,56
sub_00150340,0x00150340,0x00150410,208
sub_00150410,0x00150410,0x001504D8,200
sub_001504D8,0x001504D8,0x001505A0,200
sub_001505A0,0x001505A0,0x00150698,248
sub_00150698,0x00150698,0x00150830,408
sub_00150830,0x00150830,0x001508A0,112
sub_001508A0,0x001508A0,0x001508E8,72
sub_001508E8,0x001508E8,0x001509A8,192
sub_001509A8,0x001509A8,0x00150F80,1496
sub_00150F80,0x00150F80,0x00151080,256
sub_00151080,0x00151080,0x00151150,208
sub_00151150,0x00151150,0x001511F0,160
sub_001511F0,0x001511F0,0x001513B8,456
sub_001513B8,0x001513B8,0x00151420,104
sub_00151420,0x00151420,0x001516F0,720
sub_001516F0,0x001516F0,0x001516F8,8
sub_001516F8,0x001516F8,0x00151718,32
sub_00151718,0x00151718,0x00151888,368
sub_00151888,0x00151888,0x001518D8,80
sub_001518D8,0x001518D8,0x00151BE8,784
sub_00151BE8,0x00151BE8,0x00151C30,72
sub_00151C30,0x00151C30,0x00151CD8,168
sub_00151CD8,0x00151CD8,0x00151CF0,24
sub_00151CF0,0x00151CF0,0x00151D08,24
sub_00151D08,0x00151D08,0x00151E08,256
sub_00151E08,0x00151E08,0x00151E68,96
sub_00151E68,0x00151E68,0x00151F20,184
sub_00151F20,0x00151F20,0x00151FF8,216
sub_00151FF8,0x00151FF8,0x001520B0,184
sub_001520B0,0x001520B0,0x00152110,96
sub_00152110,0x00152110,0x001528A8,1944
sub_001528A8,0x001528A8,0x00152930,136
sub_00152930,0x00152930,0x00152990,96
sub_00152990,0x00152990,0x001529C8,56
sub_001529C8,0x001529C8,0x00152B20,344
sub_00152B20,0x00152B20,0x00152E28,776
sub_00152E28,0x00152E28,0x00153250,1064
sub_00153250,0x00153250,0x00153290,64
sub_00153290,0x00153290,0x001534E0,592
sub_001534E0,0x001534E0,0x00153720,576
sub_00153720,0x00153720,0x00153728,8
sub_00153728,0x00153728,0x00153A50,808
sub_00153A50,0x00153A50,0x00153C28,472
sub_00153C28,0x00153C28,0x00153CB0,136
sub_00153CB0,0x00153CB0,0x00153D80,208
sub_00153D80,0x00153D80,0x00153DA0,32
sub_00153DA0,0x00153DA0,0x00154370,1488
sub_00154370,0x00154370,0x00154518,424
sub_00154518,0x00154518,0x00154740,552
sub_00154740,0x00154740,0x00154830,240
sub_00154830,0x00154830,0x00154C08,984
sub_00154C08,0x00154C08,0x00154F78,880
sub_00154F78,0x00154F78,0x001552B0,824
sub_001552B0,0x001552B0,0x00155318,104
sub_00155318,0x00155318,0x001553A0,136
sub_001553A0,0x001553A0,0x00155408,104
sub_00155408,0x00155408,0x00155458,80
sub_00155458,0x00155458,0x001554A8,80
sub_001554A8,0x001554A8,0x00155518,112
sub_00155518,0x00155518,0x00155560,72
sub_00155560,0x00155560,0x001555C8,104
sub_001555C8,0x001555C8,0x00155610,72
sub_00155610,0x00155610,0x00155658,72
sub_00155658,0x00155658,0x00155668,16
sub_00155668,0x00155668,0x001558F0,648
sub_001558F0,0x001558F0,0x001559D0,224
sub_001559D0,0x001559D0,0x00155AB0,224
sub_00155AB0,0x00155AB0,0x00155BA0,240
sub_00155BA0,0x00155BA0,0x00156070,1232
sub_00156070,0x00156070,0x001561D8,360
sub_001561D8,0x001561D8,0x00156288,176
sub_00156288,0x00156288,0x00156400,376
sub_00156400,0x00156400,0x00156558,344
sub_00156558,0x00156558,0x00156780,552
sub_00156780,0x00156780,0x00156990,528
sub_00156990,0x00156990,0x001569C8,56
sub_001569C8,0x001569C8,0x00156A30,104
sub_00156A30,0x00156A30,0x00156A80,80
sub_00156A80,0x00156A80,0x00156B00,128
sub_00156B00,0x00156B00,0x00156B30,48
sub_00156B30,0x00156B30,0x00156BD0,160
sub_00156BD0,0x00156BD0,0x00156C68,152
sub_00156C68,0x00156C68,0x00157100,1176
sub_00157100,0x00157100,0x00157358,600
sub_00157358,0x00157358,0x00157370,24
sub_00157370,0x00157370,0x001573E8,120
sub_001573E8,0x001573E8,0x00157458,112
sub_00157458,0x00157458,0x00157680,552
sub_00157680,0x00157680,0x00157958,728
sub_00157958,0x00157958,0x00157A60,264
sub_00157A60,0x00157A60,0x00158020,1472
sub_00158020,0x00158020,0x00158548,1320
sub_00158548,0x00158548,0x00158B40,1528
sub_00158B40,0x00158B40,0x00158DA8,616
sub_00158DA8,0x00158DA8,0x001590F0,840
sub_001590F0,0x001590F0,0x00159878,1928
sub_00159878,0x00159878,0x00159A10,408
sub_00159A10,0x00159A10,0x00159A60,80
sub_00159A60,0x00159A60,0x00159B20,192
sub_00159B20,0x00159B20,0x00159B28,8
sub_00159B28,0x00159B28,0x00159C58,304
sub_00159C58,0x00159C58,0x00159D50,248
sub_00159D50,0x00159D50,0x00159DB8,104
sub_00159DB8,0x00159DB8,0x00159F08,336
sub_00159F08,0x00159F08,0x0015A010,264
sub_0015A010,0x0015A010,0x0015A0B0,160
sub_0015A0B0,0x0015A0B0,0x0015A160,176
sub_0015A160,0x0015A160,0x0015A278,280
sub_0015A278,0x0015A278,0x0015A3C8,336
sub_0015A3C8,0x0015A3C8,0x0015A448,128
sub_0015A448,0x0015A448,0x0015A488,64
sub_0015A488,0x0015A488,0x0015A878,1008
sub_0015A878,0x0015A878,0x0015ACC0,1096
sub_0015ACC0,0x0015ACC0,0x0015B450,1936
sub_0015B450,0x0015B450,0x0015B588,312
sub_0015B588,0x0015B588,0x0015B618,144
sub_0015B618,0x0015B618,0x0015B6D0,184
sub_0015B6D0,0x0015B6D0,0x0015B748,120
sub_0015B748,0x0015B748,0x0015B7E0,152
sub_0015B7E0,0x0015B7E0,0x0015B830,80
sub_0015B830,0x0015B830,0x0015BAB8,648
sub_0015BAB8,0x0015BAB8,0x0015BB18,96
sub_0015BB18,0x0015BB18,0x0015BB78,96
sub_0015BB78,0x0015BB78,0x0015BBC8,80
sub_0015BBC8,0x0015BBC8,0x0015BD78,432
sub_0015BD78,0x0015BD78,0x0015BE30,184
sub_0015BE30,0x0015BE30,0x0015BFF8,456
sub_0015BFF8,0x0015BFF8,0x0015C018,32
sub_0015C018,0x0015C018,0x0015C038,32
sub_0015C038,0x0015C038,0x0015C050,24
sub_0015C050,0x0015C050,0x0015CCB0,3168
sub_0015CCB0,0x0015CCB0,0x0015D160,1200
sub_0015D160,0x0015D160,0x0015D2D8,376
sub_0015D2D8,0x0015D2D8,0x0015D300,40
sub_0015D300,0x0015D300,0x0015D308,8
sub_0015D308,0x0015D308,0x0015D4A0,408
sub_0015D4A0,0x0015D4A0,0x0015D500,96
sub_0015D500,0x0015D500,0x0015D540,64
sub_0015D540,0x0015D540,0x0015D560,32
sub_0015D560,0x0015D560,0x0015D5B0,80
sub_0015D5B0,0x0015D5B0,0x0015D610,96
sub_0015D610,0x0015D610,0x0015D6E8,216
sub_0015D6E8,0x0015D6E8,0x0015D720,56
sub_0015D720,0x0015D720,0x0015D758,56
sub_0015D758,0x0015D758,0x0015D828,208
sub_0015D828,0x0015D828,0x0015DA50,552
sub_0015DA50,0x0015DA50,0x0015DAB8,104
sub_0015DAB8,0x0015DAB8,0x0015DB08,80
sub_0015DB08,0x0015DB08,0x0015DB58,80
sub_0015DB58,0x0015DB58,0x0015DBB8,96
sub_0015DBB8,0x0015DBB8,0x0015DC18,96
sub_0015DC18,0x0015DC18,0x0015DC20,8
sub_0015DC20,0x0015DC20,0x0015DD80,352
sub_0015DD80,0x0015DD80,0x0015DDB0,48
sub_0015DDB0,0x0015DDB0,0x0015ECE8,3896
sub_0015ECE8,0x0015ECE8,0x0015ED28,64
sub_0015ED28,0x0015ED28,0x0015ED98,112
sub_0015ED98,0x0015ED98,0x0015F1E8,1104
sub_0015F1E8,0x0015F1E8,0x0015F240,88
sub_0015F240,0x0015F240,0x0015F268,40
sub_0015F268,0x0015F268,0x0015F440,472
sub_0015F440,0x0015F440,0x0015F538,248
sub_0015F538,0x0015F538,0x0015F598,96
sub_0015F598,0x0015F598,0x00160380,3560
sub_00160380,0x00160380,0x00160478,248
sub_00160478,0x00160478,0x00160700,648
sub_00160700,0x00160700,0x00160C20,1312
sub_00160C20,0x00160C20,0x00161648,2600
sub_00161648,0x00161648,0x001619E0,920
sub_001619E0,0x001619E0,0x00161D70,912
sub_00161D70,0x00161D70,0x00161DF0,128
sub_00161DF0,0x00161DF0,0x00161EF0,256
sub_00161EF0,0x00161EF0,0x00161F68,120
sub_00161F68,0x00161F68,0x001620A0,312
sub_001620A0,0x001620A0,0x00162238,408
sub_00162238,0x00162238,0x00162298,96
sub_00162298,0x00162298,0x001623D8,320
sub_001623D8,0x001623D8,0x00162448,112
sub_00162448,0x00162448,0x00162470,40
sub_00162470,0x00162470,0x001624A0,48
sub_001624A0,0x001624A0,0x001624F8,88
sub_001624F8,0x001624F8,0x00162588,144
sub_00162588,0x00162588,0x001625A0,24
sub_001625A0,0x001625A0,0x001625C0,32
sub_001625C0,0x001625C0,0x00162840,640
sub_00162840,0x00162840,0x00162E80,1600
sub_00162E80,0x00162E80,0x00162F18,152
sub_00162F18,0x00162F18,0x001654E0,9672
sub_001654E0,0x001654E0,0x00165728,584
sub_00165728,0x00165728,0x00165750,40
sub_00165750,0x00165750,0x00165868,280
sub_00165868,0x00165868,0x001658F0,136
sub_001658F0,0x001658F0,0x001658F8,8
sub_001658F8,0x001658F8,0x00166198,2208
sub_00166198,0x00166198,0x001661D8,64
sub_001661D8,0x001661D8,0x001664C0,744
sub_001664C0,0x001664C0,0x001665E0,288
sub_001665E0,0x001665E0,0x00166AC8,1256
sub_00166AC8,0x00166AC8,0x00166B78,176
sub_00166B78,0x00166B78,0x00166BE8,112
sub_00166BE8,0x00166BE8,0x00166C58,112
sub_00166C58,0x00166C58,0x00166CC8,112
sub_00166CC8,0x00166CC8,0x00167018,848
sub_00167018,0x00167018,0x00167318,768
sub_00167318,0x00167318,0x001673C8,176
sub_001673C8,0x001673C8,0x00167478,176
sub_00167478,0x00167478,0x001674A0,40
sub_001674A0,0x001674A0,0x00167568,200
sub_00167568,0x00167568,0x001675B0,72
sub_001675B0,0x001675B0,0x00167748,408
sub_00167748,0x00167748,0x001677D0,136
sub_001677D0,0x001677D0,0x001677D8,8
sub_001677D8,0x001677D8,0x00167860,136
sub_00167860,0x00167860,0x001678BC,92
sub_001678BC,0x001678BC,0x001678E8,44
sub_001678E8,0x001678E8,0x00167918,48
sub_00167918,0x00167918,0x001679F8,224
sub_001679F8,0x001679F8,0x001685B8,3008
sub_001685B8,0x001685B8,0x001685F8,64
sub_001685F8,0x001685F8,0x00168A00,1032
sub_00168A00,0x00168A00,0x00168B90,400
sub_00168B90,0x00168B90,0x00168BB0,32
sub_00168BB0,0x00168BB0,0x00168C98,232
sub_00168C98,0x00168C98,0x00168DC8,304
sub_00168DC8,0x00168DC8,0x00168F00,312
sub_00168F00,0x00168F00,0x00168F98,152
sub_00168F98,0x00168F98,0x00169010,120
sub_00169010,0x00169010,0x00169120,272
sub_00169120,0x00169120,0x00169238,280
sub_00169238,0x00169238,0x00169450,536
sub_00169450,0x00169450,0x001696C8,632
sub_001696C8,0x001696C8,0x001697D0,264
sub_001697D0,0x001697D0,0x001697F0,32
sub_001697F0,0x001697F0,0x00169BE0,1008
sub_00169BE0,0x00169BE0,0x00169C78,152
sub_00169C78,0x00169C78,0x00169D70,248
sub_00169D70,0x00169D70,0x00169DF0,128
sub_00169DF0,0x00169DF0,0x0016A708,2328
sub_0016A708,0x0016A708,0x0016A710,8
sub_0016A710,0x0016A710,0x0016A718,8
sub_0016A718,0x0016A718,0x0016A778,96
sub_0016A778,0x0016A778,0x0016A830,184
sub_0016A830,0x0016A830,0x0016A8E0,176
sub_0016A8E0,0x0016A8E0,0x0016AA30,336
sub_0016AA30,0x0016AA30,0x0016AB00,208
sub_0016AB00,0x0016AB00,0x0016AEB0,944
sub_0016AEB0,0x0016AEB0,0x0016AF50,160
sub_0016AF50,0x0016AF50,0x0016AFA0,80
sub_0016AFA0,0x0016AFA0,0x0016AFD8,56
sub_0016AFD8,0x0016AFD8,0x0016B120,328
sub_0016B120,0x0016B120,0x0016B1F0,208
sub_0016B1F0,0x0016B1F0,0x0016B230,64
sub_0016B230,0x0016B230,0x0016B850,1568
sub_0016B850,0x0016B850,0x0016B8F8,168
sub_0016B8F8,0x0016B8F8,0x0016B978,128
sub_0016B978,0x0016B978,0x0016B9B8,64
sub_0016B9B8,0x0016B9B8,0x0016BD40,904
sub_0016BD40,0x0016BD40,0x0016BEF8,440
sub_0016BEF8,0x0016BEF8,0x0016C4E0,1512
sub_0016C4E0,0x0016C4E0,0x0016CC20,1856
sub_0016CC20,0x0016CC20,0x0016CC28,8
sub_0016CC28,0x0016CC28,0x0016CCB8,144
sub_0016CCB8,0x0016CCB8,0x0016CCC0,8
sub_0016CCC0,0x0016CCC0,0x0016CE50,400
sub_0016CE50,0x0016CE50,0x0016D010,448
sub_0016D010,0x0016D010,0x0016D0A8,152
sub_0016D0A8,0x0016D0A8,0x0016D148,160
sub_0016D148,0x0016D148,0x0016D1A0,88
sub_0016D1A0,0x0016D1A0,0x0016D410,624
sub_0016D410,0x0016D410,0x0016D4B0,160
sub_0016D4B0,0x0016D4B0,0x0016D598,232
sub_0016D598,0x0016D598,0x0016D650,184
sub_0016D650,0x0016D650,0x0016D658,8
sub_0016D658,0x0016D658,0x0016D7D0,376
sub_0016D7D0,0x0016D7D0,0x0016D888,184
sub_0016D888,0x0016D888,0x0016D920,152
sub_0016D920,0x0016D920,0x0016D9F0,208
sub_0016D9F0,0x0016D9F0,0x0016DB00,272
sub_0016DB00,0x0016DB00,0x0016DBC0,192
sub_0016DBC0,0x0016DBC0,0x0016DD78,440
sub_0016DD78,0x0016DD78,0x0016DF30,440
sub_0016DF30,0x0016DF30,0x0016E5E8,1720
sub_0016E5E8,0x0016E5E8,0x0016E870,648
sub_0016E870,0x0016E870,0x0016EBE8,888
sub_0016EBE8,0x0016EBE8,0x0016F160,1400
sub_0016F160,0x0016F160,0x0016F170,16
sub_0016F170,0x0016F170,0x0016F1D8,104
sub_0016F1D8,0x0016F1D8,0x00170070,3736
sub_00170070,0x00170070,0x00170130,192
sub_00170130,0x00170130,0x001701E8,184
sub_001701E8,0x001701E8,0x00170260,120
sub_00170260,0x00170260,0x00170298,56
sub_00170298,0x00170298,0x00170300,104
sub_00170300,0x00170300,0x00170350,80
sub_00170350,0x00170350,0x001704C0,368
sub_001704C0,0x001704C0,0x00170588,200
sub_00170588,0x00170588,0x00170620,152
sub_00170620,0x00170620,0x00170760,320
sub_00170760,0x00170760,0x001707B8,88
sub_001707B8,0x001707B8,0x00170820,104
sub_00170820,0x00170820,0x001708B0,144
sub_001708B0,0x001708B0,0x00170938,136
sub_00170938,0x00170938,0x00170968,48
sub_00170968,0x00170968,0x001709C8,96
sub_001709C8,0x001709C8,0x00170A50,136
sub_00170A50,0x00170A50,0x00170B60,272
sub_00170B60,0x00170B60,0x00170B98,56
sub_00170B98,0x00170B98,0x00170C08,112
sub_00170C08,0x00170C08,0x00170C90,136
sub_00170C90,0x00170C90,0x00170CC8,56
sub_00170CC8,0x00170CC8,0x00170DA0,216
sub_00170DA0,0x00170DA0,0x00170DC0,32
sub_00170DC0,0x00170DC0,0x00170E30,112
sub_00170E30,0x00170E30,0x00170E98,104
sub_00170E98,0x00170E98,0x00170EA8,16
sub_00170EA8,0x00170EA8,0x00171008,352
sub_00171008,0x00171008,0x00171060,88
sub_00171060,0x00171060,0x00171090,48
sub_00171090,0x00171090,0x001710E8,88
sub_001710E8,0x001710E8,0x00171100,24
sub_00171100,0x00171100,0x001711B8,184
sub_001711B8,0x001711B8,0x001711C0,8
sub_001711C0,0x001711C0,0x001711C8,8
sub_001711C8,0x001711C8,0x001711D8,16
sub_001711D8,0x001711D8,0x00171240,104
sub_00171240,0x00171240,0x00171270,48
sub_00171270,0x00171270,0x00171318,168
sub_00171318,0x00171318,0x00171370,88
sub_00171370,0x00171370,0x00171558,488
sub_00171558,0x00171558,0x00171708,432
sub_00171708,0x00171708,0x00171888,384
sub_00171888,0x00171888,0x00171928,160
sub_00171928,0x00171928,0x00171970,72
sub_00171970,0x00171970,0x001719B0,64
sub_001719B0,0x001719B0,0x001719F8,72
sub_001719F8,0x001719F8,0x00171A18,32
sub_00171A18,0x00171A18,0x00171A38,32
sub_00171A38,0x00171A38,0x00171A88,80
sub_00171A88,0x00171A88,0x00172230,1960
sub_00172230,0x00172230,0x00172298,104
sub_00172298,0x00172298,0x001722E0,72
sub_001722E0,0x001722E0,0x00172338,88
sub_00172338,0x00172338,0x001723B8,128
sub_001723B8,0x001723B8,0x00172458,160
sub_00172458,0x00172458,0x001724C0,104
sub_001724C0,0x001724C0,0x001724E0,32
sub_001724E0,0x001724E0,0x00172500,32
sub_00172500,0x00172500,0x00172750,592
sub_00172750,0x00172750,0x00172778,40
sub_00172778,0x00172778,0x00172870,248
sub_00172870,0x00172870,0x001728B8,72
sub_001728B8,0x001728B8,0x00172A60,424
sub_00172A60,0x00172A60,0x00172B20,192
sub_00172B20,0x00172B20,0x00172B90,112
sub_00172B90,0x00172B90,0x00172CB0,288
sub_00172CB0,0x00172CB0,0x00172CB8,8
sub_00172CB8,0x00172CB8,0x00172CC8,16
sub_00172CC8,0x00172CC8,0x00172D08,64
sub_00172D08,0x00172D08,0x00172D50,72
sub_00172D50,0x00172D50,0x00172D60,16
sub_00172D60,0x00172D60,0x00172DF0,144
sub_00172DF0,0x00172DF0,0x00173018,552
sub_00173018,0x00173018,0x00173080,104
sub_00173080,0x00173080,0x00173090,16
sub_00173090,0x00173090,0x00173258,456
sub_00173258,0x00173258,0x00173318,192
sub_00173318,0x00173318,0x00173398,128
sub_00173398,0x00173398,0x001733C0,40
sub_001733C0,0x001733C0,0x001733D8,24
sub_001733D8,0x001733D8,0x00173430,88
sub_00173430,0x00173430,0x00173480,80
sub_00173480,0x00173480,0x00173490,16
sub_00173490,0x00173490,0x001734A8,24
sub_001734A8,0x001734A8,0x001734C0,24
sub_001734C0,0x001734C0,0x00173510,80
sub_00173510,0x00173510,0x00173528,24
sub_00173528,0x00173528,0x00173570,72
sub_00173570,0x00173570,0x00173690,288
sub_00173690,0x00173690,0x00173710,128
sub_00173710,0x00173710,0x00173718,8
sub_00173718,0x00173718,0x00173778,96
sub_00173778,0x00173778,0x00173798,32
sub_00173798,0x00173798,0x001737F8,96
sub_001737F8,0x001737F8,0x00173848,80
sub_00173848,0x00173848,0x00173890,72
sub_00173890,0x00173890,0x001738D8,72
sub_001738D8,0x001738D8,0x001738F0,24
sub_001738F0,0x001738F0,0x00173A20,304
sub_00173A20,0x00173A20,0x00173C38,536
sub_00173C38,0x00173C38,0x00173CF8,192
sub_00173CF8,0x00173CF8,0x00173D50,88
sub_00173D50,0x00173D50,0x00173E30,224
sub_00173E30,0x00173E30,0x00173E90,96
sub_00173E90,0x00173E90,0x00173F38,168
sub_00173F38,0x00173F38,0x001742D0,920
sub_001742D0,0x001742D0,0x001743E8,280
sub_001743E8,0x001743E8,0x00174420,56
sub_00174420,0x00174420,0x00174458,56
sub_00174458,0x00174458,0x00174608,432
sub_00174608,0x00174608,0x001746D8,208
sub_001746D8,0x001746D8,0x00174728,80
sub_00174728,0x00174728,0x00174740,24
sub_00174740,0x00174740,0x00174768,40
sub_00174768,0x00174768,0x00174830,200
sub_00174830,0x00174830,0x00174BB0,896
sub_00174BB0,0x00174BB0,0x00174BF8,72
sub_00174BF8,0x00174BF8,0x00174D10,280
sub_00174D10,0x00174D10,0x00174D30,32
sub_00174D30,0x00174D30,0x00175148,1048
sub_00175148,0x00175148,0x00175258,272
sub_00175258,0x00175258,0x00175268,16
sub_00175268,0x00175268,0x001752E8,128
sub_001752E8,0x001752E8,0x00175370,136
sub_00175370,0x00175370,0x00175378,8
sub_00175378,0x00175378,0x00175380,8
sub_00175380,0x00175380,0x001753D0,80
sub_001753D0,0x001753D0,0x00175418,72
sub_00175418,0x00175418,0x00175420,8
sub_00175420,0x00175420,0x00175450,48
sub_00175450,0x00175450,0x001754E8,152
sub_001754E8,0x001754E8,0x001755E0,248
sub_001755E0,0x001755E0,0x00175740,352
sub_00175740,0x00175740,0x00175780,64
sub_00175780,0x00175780,0x001757D8,88
sub_001757D8,0x001757D8,0x00175828,80
sub_00175828,0x00175828,0x00175890,104
sub_00175890,0x00175890,0x001758F8,104
sub_001758F8,0x001758F8,0x00175948,80
sub_00175948,0x00175948,0x00175958,16
sub_00175958,0x00175958,0x00175978,32
sub_00175978,0x00175978,0x001759D0,88
sub_001759D0,0x001759D0,0x001759F8,40
sub_001759F8,0x001759F8,0x00175A10,24
sub_00175A10,0x00175A10,0x00175A60,80
sub_00175A60,0x00175A60,0x00175A70,16
sub_00175A70,0x00175A70,0x00175A90,32
sub_00175A90,0x00175A90,0x00175AB0,32
sub_00175AB0,0x00175AB0,0x00175AD8,40
sub_00175AD8,0x00175AD8,0x00175B08,48
sub_00175B08,0x00175B08,0x00175B38,48
sub_00175B38,0x00175B38,0x00175BA0,104
sub_00175BA0,0x00175BA0,0x00175C08,104
sub_00175C08,0x00175C08,0x00175C78,112
sub_00175C78,0x00175C78,0x00175CD0,88
sub_00175CD0,0x00175CD0,0x00175D88,184
sub_00175D88,0x00175D88,0x00175DB0,40
sub_00175DB0,0x00175DB0,0x00175DD8,40
sub_00175DD8,0x00175DD8,0x001763E8,1552
sub_001763E8,0x001763E8,0x001769F8,1552
sub_001769F8,0x001769F8,0x00176B28,304
sub_00176B28,0x00176B28,0x00176C58,304
sub_00176C58,0x00176C58,0x00176CF8,160
sub_00176CF8,0x00176CF8,0x00176FC8,720
sub_00176FC8,0x00176FC8,0x00177B80,3000
sub_00177B80,0x00177B80,0x001785F0,2672
sub_001785F0,0x001785F0,0x001789E0,1008
sub_001789E0,0x001789E0,0x00178BE8,520
sub_00178BE8,0x00178BE8,0x00178BF8,16
sub_00178BF8,0x00178BF8,0x00178C70,120
sub_00178C70,0x00178C70,0x00178CF8,136
sub_00178CF8,0x00178CF8,0x00178D38,64
sub_00178D38,0x00178D38,0x00178D60,40
sub_00178D60,0x00178D60,0x00178DA8,72
sub_00178DA8,0x00178DA8,0x00178DD0,40
sub_00178DD0,0x00178DD0,0x00178DF8,40
sub_00178DF8,0x00178DF8,0x00178E50,88
sub_00178E50,0x00178E50,0x00178E60,16
sub_00178E60,0x00178E60,0x00179EF0,4240
sub_00179EF0,0x00179EF0,0x00179F00,16
sub_00179F00,0x00179F00,0x00179FF8,248
sub_00179FF8,0x00179FF8,0x0017A0E0,232
sub_0017A0E0,0x0017A0E0,0x0017A1D0,240
sub_0017A1D0,0x0017A1D0,0x0017A2A0,208
sub_0017A2A0,0x0017A2A0,0x0017A380,224
sub_0017A380,0x0017A380,0x0017A398,24
sub_0017A398,0x0017A398,0x0017A4B8,288
sub_0017A4B8,0x0017A4B8,0x0017A588,208
sub_0017A588,0x0017A588,0x0017A658,208
sub_0017A658,0x0017A658,0x0017A700,168
sub_0017A700,0x0017A700,0x0017A7A8,168
sub_0017A7A8,0x0017A7A8,0x0017A7F0,72
sub_0017A7F0,0x0017A7F0,0x0017A830,64
sub_0017A830,0x0017A830,0x0017A8B8,136
sub_0017A8B8,0x0017A8B8,0x0017A910,88
sub_0017A910,0x0017A910,0x0017A940,48
sub_0017A940,0x0017A940,0x0017A9B0,112
sub_0017A9B0,0x0017A9B0,0x0017A9E8,56
sub_0017A9E8,0x0017A9E8,0x0017AA18,48
sub_0017AA18,0x0017AA18,0x0017AA78,96
sub_0017AA78,0x0017AA78,0x0017AA88,16
sub_0017AA88,0x0017AA88,0x0017AB28,160
sub_0017AB28,0x0017AB28,0x0017AC88,352
sub_0017AC88,0x0017AC88,0x0017ACB8,48
sub_0017ACB8,0x0017ACB8,0x0017ACC0,8
sub_0017ACC0,0x0017ACC0,0x0017ACE0,32
sub_0017ACE0,0x0017ACE0,0x0017AD30,80
sub_0017AD30,0x0017AD30,0x0017AD70,64
sub_0017AD70,0x0017AD70,0x0017AEB8,328
sub_0017AEB8,0x0017AEB8,0x0017AEE8,48
sub_0017AEE8,0x0017AEE8,0x0017AF78,144
sub_0017AF78,0x0017AF78,0x0017AFC0,72
sub_0017AFC0,0x0017AFC0,0x0017AFE0,32
sub_0017AFE0,0x0017AFE0,0x0017B0C8,232
sub_0017B0C8,0x0017B0C8,0x0017B110,72
sub_0017B110,0x0017B110,0x0017B168,88
sub_0017B168,0x0017B168,0x0017B178,16
sub_0017B178,0x0017B178,0x0017B200,136
sub_0017B200,0x0017B200,0x0017B248,72
sub_0017B248,0x0017B248,0x0017B270,40
sub_0017B270,0x0017B270,0x0017B280,16
sub_0017B280,0x0017B280,0x0017B288,8
sub_0017B288,0x0017B288,0x0017B368,224
sub_0017B368,0x0017B368,0x0017B7C0,1112
sub_0017B7C0,0x0017B7C0,0x0017B858,152
sub_0017B858,0x0017B858,0x0017B8C8,112
sub_0017B8C8,0x0017B8C8,0x0017B8D0,8
sub_0017B8D0,0x0017B8D0,0x0017BBC8,760
sub_0017BBC8,0x0017BBC8,0x0017BC80,184
sub_0017BC80,0x0017BC80,0x0017BDE0,352
sub_0017BDE0,0x0017BDE0,0x0017BE48,104
sub_0017BE48,0x0017BE48,0x0017BED0,136
sub_0017BED0,0x0017BED0,0x0017BF20,80
sub_0017BF20,0x0017BF20,0x0017BF78,88
sub_0017BF78,0x0017BF78,0x0017BFD0,88
sub_0017BFD0,0x0017BFD0,0x0017BFF0,32
sub_0017BFF0,0x0017BFF0,0x0017C050,96
sub_0017C050,0x0017C050,0x0017C0A8,88
sub_0017C0A8,0x0017C0A8,0x0017C0F8,80
sub_0017C0F8,0x0017C0F8,0x0017C130,56
sub_0017C130,0x0017C130,0x0017C398,616
sub_0017C398,0x0017C398,0x0017C418,128
sub_0017C418,0x0017C418,0x0017C440,40
sub_0017C440,0x0017C440,0x0017C628,488
sub_0017C628,0x0017C628,0x0017C688,96
sub_0017C688,0x0017C688,0x0017C6F0,104
sub_0017C6F0,0x0017C6F0,0x0017C768,120
sub_0017C768,0x0017C768,0x0017C790,40
sub_0017C790,0x0017C790,0x0017C808,120
sub_0017C808,0x0017C808,0x0017C860,88
sub_0017C860,0x0017C860,0x0017CA38,472
sub_0017CA38,0x0017CA38,0x0017CBD0,408
sub_0017CBD0,0x0017CBD0,0x0017CCB8,232
sub_0017CCB8,0x0017CCB8,0x0017CE00,328
sub_0017CE00,0x0017CE00,0x0017CF28,296
sub_0017CF28,0x0017CF28,0x0017CF78,80
sub_0017CF78,0x0017CF78,0x0017D0A0,296
sub_0017D0A0,0x0017D0A0,0x0017D778,1752
sub_0017D778,0x0017D778,0x0017D948,464
sub_0017D948,0x0017D948,0x0017D970,40
sub_0017D970,0x0017D970,0x0017DA78,264
sub_0017DA78,0x0017DA78,0x0017DB08,144
sub_0017DB08,0x0017DB08,0x0017DB30,40
sub_0017DB30,0x0017DB30,0x0017DBD0,160
sub_0017DBD0,0x0017DBD0,0x0017DC70,160
sub_0017DC70,0x0017DC70,0x0017DD10,160
sub_0017DD10,0x0017DD10,0x0017DDB0,160
sub_0017DDB0,0x0017DDB0,0x0017DE50,160
sub_0017DE50,0x0017DE50,0x0017DEF0,160
sub_0017DEF0,0x0017DEF0,0x0017DF90,160
sub_0017DF90,0x0017DF90,0x0017E040,176
sub_0017E040,0x0017E040,0x0017E0A8,104
sub_0017E0A8,0x0017E0A8,0x0017E0D8,48
sub_0017E0D8,0x0017E0D8,0x0017E170,152
sub_0017E170,0x0017E170,0x0017E210,160
sub_0017E210,0x0017E210,0x0017E2A8,152
sub_0017E2A8,0x0017E2A8,0x0017E340,152
sub_0017E340,0x0017E340,0x0017E478,312
sub_0017E478,0x0017E478,0x0017E528,176
sub_0017E528,0x0017E528,0x0017E530,8
sub_0017E530,0x0017E530,0x0017E690,352
sub_0017E690,0x0017E690,0x0017E6B8,40
sub_0017E6B8,0x0017E6B8,0x0017E6E0,40
sub_0017E6E0,0x0017E6E0,0x0017E708,40
sub_0017E708,0x0017E708,0x0017E770,104
sub_0017E770,0x0017E770,0x0017E778,8
sub_0017E778,0x0017E778,0x0017E7A0,40
sub_0017E7A0,0x0017E7A0,0x0017E958,440
sub_0017E958,0x0017E958,0x0017E978,32
sub_0017E978,0x0017E978,0x0017E998,32
sub_0017E998,0x0017E998,0x0017E9B8,32
sub_0017E9B8,0x0017E9B8,0x0017EAD0,280
sub_0017EAD0,0x0017EAD0,0x0017EB40,112
sub_0017EB40,0x0017EB40,0x0017ECA8,360
sub_0017ECA8,0x0017ECA8,0x0017ECE0,56
sub_0017ECE0,0x0017ECE0,0x0017ED28,72
sub_0017ED28,0x0017ED28,0x0017ED88,96
sub_0017ED88,0x0017ED88,0x0017EE70,232
sub_0017EE70,0x0017EE70,0x0017EEC8,88
sub_0017EEC8,0x0017EEC8,0x0017EF30,104
sub_0017EF30,0x0017EF30,0x0017EF60,48
sub_0017EF60,0x0017EF60,0x0017F028,200
sub_0017F028,0x0017F028,0x0017F048,32
sub_0017F048,0x0017F048,0x0017F158,272
sub_0017F158,0x0017F158,0x0017F1B0,88
sub_0017F1B0,0x0017F1B0,0x0017F1C8,24
sub_0017F1C8,0x0017F1C8,0x0017F260,152
sub_0017F260,0x0017F260,0x0017F378,280
sub_0017F378,0x0017F378,0x0017F3F8,128
sub_0017F3F8,0x0017F3F8,0x0017F448,80
sub_0017F448,0x0017F448,0x0017FA40,1528
sub_0017FA40,0x0017FA40,0x0017FAD0,144
sub_0017FAD0,0x0017FAD0,0x0017FB50,128
sub_0017FB50,0x0017FB50,0x0017FBC0,112
sub_0017FBC0,0x0017FBC0,0x0017FC68,168
sub_0017FC68,0x0017FC68,0x0017FD10,168
sub_0017FD10,0x0017FD10,0x0017FF00,496
sub_0017FF00,0x0017FF00,0x00180090,400
sub_00180090,0x00180090,0x00180928,2200
sub_00180928,0x00180928,0x001809D0,168
sub_001809D0,0x001809D0,0x00180A10,64
sub_00180A10,0x00180A10,0x00180A48,56
sub_00180A48,0x00180A48,0x00180A80,56
sub_00180A80,0x00180A80,0x00180A90,16
sub_00180A90,0x00180A90,0x00180AE8,88
sub_00180AE8,0x00180AE8,0x00180B40,88
sub_00180B40,0x00180B40,0x00180BC0,128
sub_00180BC0,0x00180BC0,0x00180BC8,8
sub_00180BC8,0x00180BC8,0x00180C50,136
sub_00180C50,0x00180C50,0x00180CD8,136
sub_00180CD8,0x00180CD8,0x00180D08,48
sub_00180D08,0x00180D08,0x00180DF0,232
sub_00180DF0,0x00180DF0,0x00180E10,32
sub_00180E10,0x00180E10,0x00180E50,64
sub_00180E50,0x00180E50,0x00180E90,64
sub_00180E90,0x00180E90,0x00180F58,200
sub_00180F58,0x00180F58,0x00181020,200
sub_00181020,0x00181020,0x00181068,72
sub_00181068,0x00181068,0x001810B8,80
sub_001810B8,0x001810B8,0x001810E0,40
sub_001810E0,0x001810E0,0x00181130,80
sub_00181130,0x00181130,0x001811A0,112
sub_001811A0,0x001811A0,0x001811E0,64
sub_001811E0,0x001811E0,0x00181318,312
sub_00181318,0x00181318,0x001813A8,144
sub_001813A8,0x001813A8,0x001813B0,8
sub_001813B0,0x001813B0,0x001814B8,264
sub_001814B8,0x001814B8,0x001815C0,264
sub_001815C0,0x001815C0,0x001816C8,264
sub_001816C8,0x001816C8,0x001817D8,272
sub_001817D8,0x001817D8,0x001818E8,272
sub_001818E8,0x001818E8,0x001819F8,272
sub_001819F8,0x001819F8,0x00181B08,272
sub_00181B08,0x00181B08,0x00181C18,272
sub_00181C18,0x00181C18,0x00181D28,272
sub_00181D28,0x00181D28,0x00181E38,272
sub_00181E38,0x00181E38,0x00181F48,272
sub_00181F48,0x00181F48,0x00182048,256
sub_00182048,0x00182048,0x00182070,40
sub_00182070,0x00182070,0x00182178,264
sub_00182178,0x00182178,0x00182280,264
sub_00182280,0x00182280,0x00182340,192
sub_00182340,0x00182340,0x00182430,240
sub_00182430,0x00182430,0x001824A8,120
sub_001824A8,0x001824A8,0x00182540,152
sub_00182540,0x00182540,0x001825E0,160
sub_001825E0,0x001825E0,0x001827C0,480
sub_001827C0,0x001827C0,0x00182810,80
sub_00182810,0x00182810,0x00182830,32
sub_00182830,0x00182830,0x00182970,320
sub_00182970,0x00182970,0x00182A10,160
sub_00182A10,0x00182A10,0x00182BB0,416
sub_00182BB0,0x00182BB0,0x00182BD8,40
sub_00182BD8,0x00182BD8,0x00182C68,144
sub_00182C68,0x00182C68,0x00182D68,256
sub_00182D68,0x00182D68,0x00182DD8,112
sub_00182DD8,0x00182DD8,0x00182E88,176
sub_00182E88,0x00182E88,0x00182EE8,96
sub_00182EE8,0x00182EE8,0x00182F28,64
sub_00182F28,0x00182F28,0x00182F68,64
sub_00182F68,0x00182F68,0x00182FB0,72
sub_00182FB0,0x00182FB0,0x00182FF0,64
sub_00182FF0,0x00182FF0,0x001830D8,232
sub_001830D8,0x001830D8,0x00183150,120
sub_00183150,0x00183150,0x0018317C,44
sub_0018317C,0x0018317C,0x00183184,8
sub_00183184,0x00183184,0x00183190,12
sub_00183190,0x00183190,0x001832E8,344
sub_001832E8,0x001832E8,0x00183330,72
sub_00183330,0x00183330,0x00183360,48
sub_00183360,0x00183360,0x001837B8,1112
sub_001837B8,0x001837B8,0x001837D8,32
sub_001837D8,0x001837D8,0x001837F0,24
sub_001837F0,0x001837F0,0x00183810,32
sub_00183810,0x00183810,0x00183820,16
sub_00183820,0x00183820,0x00183838,24
sub_00183838,0x00183838,0x00183850,24
sub_00183850,0x00183850,0x00183868,24
sub_00183868,0x00183868,0x00183878,16
sub_00183878,0x00183878,0x001838D0,88
sub_001838D0,0x001838D0,0x00183948,120
sub_00183948,0x00183948,0x00183A00,184
sub_00183A00,0x00183A00,0x00183AB8,184
sub_00183AB8,0x00183AB8,0x00183B88,208
sub_00183B88,0x00183B88,0x00183BC0,56
sub_00183BC0,0x00183BC0,0x00183BF0,48
sub_00183BF0,0x00183BF0,0x00183CA8,184
sub_00183CA8,0x00183CA8,0x00183D78,208
sub_00183D78,0x00183D78,0x00183E20,168
sub_00183E20,0x00183E20,0x00183EC8,168
sub_00183EC8,0x00183EC8,0x00183F60,152
sub_00183F60,0x00183F60,0x00184210,688
sub_00184210,0x00184210,0x00184348,312
sub_00184348,0x00184348,0x00184398,80
sub_00184398,0x00184398,0x00184488,240
sub_00184488,0x00184488,0x00184578,240
sub_00184578,0x00184578,0x00184668,240
sub_00184668,0x00184668,0x00184748,224
sub_00184748,0x00184748,0x001848C8,384
sub_001848C8,0x001848C8,0x00184920,88
sub_00184920,0x00184920,0x001849A8,136
sub_001849A8,0x001849A8,0x00184ED0,1320
sub_00184ED0,0x00184ED0,0x00184F40,112
sub_00184F40,0x00184F40,0x00185270,816
sub_00185270,0x00185270,0x00185318,168
sub_00185318,0x00185318,0x001853D8,192
sub_001853D8,0x001853D8,0x001855E8,528
sub_001855E8,0x001855E8,0x00185678,144
sub_00185678,0x00185678,0x00185698,32
sub_00185698,0x00185698,0x00185848,432
sub_00185848,0x00185848,0x001858D0,136
sub_001858D0,0x001858D0,0x001858E8,24
sub_001858E8,0x001858E8,0x00185A20,312
sub_00185A20,0x00185A20,0x00185E78,1112
sub_00185E78,0x00185E78,0x00185F28,176
sub_00185F28,0x00185F28,0x001860B8,400
sub_001860B8,0x001860B8,0x00186118,96
sub_00186118,0x00186118,0x00186138,32
sub_00186138,0x00186138,0x00186170,56
sub_00186170,0x00186170,0x001861E8,120
sub_001861E8,0x001861E8,0x00186268,128
sub_00186268,0x00186268,0x00186300,152
sub_00186300,0x00186300,0x001863B8,184
sub_001863B8,0x001863B8,0x00186418,96
sub_00186418,0x00186418,0x001865A8,400
sub_001865A8,0x001865A8,0x00186678,208
sub_00186678,0x00186678,0x00186710,152
sub_00186710,0x00186710,0x00186818,264
sub_00186818,0x00186818,0x001868F0,216
sub_001868F0,0x001868F0,0x001869C8,216
sub_001869C8,0x001869C8,0x00186BA8,480
sub_00186BA8,0x00186BA8,0x00186EC0,792
sub_00186EC0,0x00186EC0,0x00187150,656
sub_00187150,0x00187150,0x001873E8,664
sub_001873E8,0x001873E8,0x00187508,288
sub_00187508,0x00187508,0x00187540,56
sub_00187540,0x00187540,0x00187588,72
sub_00187588,0x00187588,0x001875F8,112
sub_001875F8,0x001875F8,0x00187640,72
sub_00187640,0x00187640,0x001876A0,96
sub_001876A0,0x001876A0,0x001876A8,8
sub_001876A8,0x001876A8,0x00187780,216
sub_00187780,0x00187780,0x00187868,232
sub_00187868,0x00187868,0x00187990,296
sub_00187990,0x00187990,0x00187A08,120
sub_00187A08,0x00187A08,0x00187A28,32
sub_00187A28,0x00187A28,0x00187A50,40
sub_00187A50,0x00187A50,0x00187B58,264
sub_00187B58,0x00187B58,0x00187BB8,96
sub_00187BB8,0x00187BB8,0x00187CE8,304
sub_00187CE8,0x00187CE8,0x00187D18,48
sub_00187D18,0x00187D18,0x00187DC8,176
sub_00187DC8,0x00187DC8,0x00187E50,136
sub_00187E50,0x00187E50,0x00187F48,248
sub_00187F48,0x00187F48,0x00187F80,56
sub_00187F80,0x00187F80,0x001881A8,552
sub_001881A8,0x001881A8,0x001881D0,40
sub_001881D0,0x001881D0,0x001882E8,280
sub_001882E8,0x001882E8,0x00188380,152
sub_00188380,0x00188380,0x001883C8,72
sub_001883C8,0x001883C8,0x00188408,64
sub_00188408,0x00188408,0x00188478,112
sub_00188478,0x00188478,0x001884B0,56
sub_001884B0,0x001884B0,0x00188610,352
sub_00188610,0x00188610,0x00188688,120
sub_00188688,0x00188688,0x00188838,432
sub_00188838,0x00188838,0x00188848,16
sub_00188848,0x00188848,0x00188B80,824
sub_00188B80,0x00188B80,0x00188CA0,288
sub_00188CA0,0x00188CA0,0x00188E80,480
sub_00188E80,0x00188E80,0x00188ED8,88
sub_00188ED8,0x00188ED8,0x00188EF0,24
sub_00188EF0,0x00188EF0,0x00188F00,16
sub_00188F00,0x00188F00,0x00188F10,16
sub_00188F10,0x00188F10,0x00188F20,16
sub_00188F20,0x00188F20,0x00189020,256
sub_00189020,0x00189020,0x00189880,2144
sub_00189880,0x00189880,0x001898C0,64
sub_001898C0,0x001898C0,0x00189958,152
sub_00189958,0x00189958,0x001899E0,136
sub_001899E0,0x001899E0,0x00189A88,168
sub_00189A88,0x00189A88,0x00189B00,120
sub_00189B00,0x00189B00,0x00189B78,120
sub_00189B78,0x00189B78,0x00189B98,32
sub_00189B98,0x00189B98,0x00189BD0,56
sub_00189BD0,0x00189BD0,0x0018A170,1440
sub_0018A170,0x0018A170,0x0018A5E0,1136
sub_0018A5E0,0x0018A5E0,0x0018A6A8,200
sub_0018A6A8,0x0018A6A8,0x0018A788,224
sub_0018A788,0x0018A788,0x0018A8F8,368
sub_0018A8F8,0x0018A8F8,0x0018AAA8,432
sub_0018AAA8,0x0018AAA8,0x0018ABE0,312
sub_0018ABE0,0x0018ABE0,0x0018AC18,56
sub_0018AC18,0x0018AC18,0x0018AC20,8
sub_0018AC20,0x0018AC20,0x0018AE60,576
sub_0018AE60,0x0018AE60,0x0018AE68,8
sub_0018AE68,0x0018AE68,0x0018AEA8,64
sub_0018AEA8,0x0018AEA8,0x0018AED0,40
sub_0018AED0,0x0018AED0,0x0018AF50,128
sub_0018AF50,0x0018AF50,0x0018B850,2304
sub_0018B850,0x0018B850,0x0018B9E8,408
sub_0018B9E8,0x0018B9E8,0x0018BA90,168
sub_0018BA90,0x0018BA90,0x0018BA98,8
sub_0018BA98,0x0018BA98,0x0018BAD8,64
sub_0018BAD8,0x0018BAD8,0x0018BB00,40
sub_0018BB00,0x0018BB00,0x0018BB78,120
sub_0018BB78,0x0018BB78,0x0018BBF0,120
sub_0018BBF0,0x0018BBF0,0x0018BD88,408
sub_0018BD88,0x0018BD88,0x0018BDC0,56
sub_0018BDC0,0x0018BDC0,0x0018BF40,384
sub_0018BF40,0x0018BF40,0x0018C040,256
sub_0018C040,0x0018C040,0x0018C0E8,168
sub_0018C0E8,0x0018C0E8,0x0018C168,128
sub_0018C168,0x0018C168,0x0018C3E8,640
sub_0018C3E8,0x0018C3E8,0x0018C7A8,960
sub_0018C7A8,0x0018C7A8,0x0018C850,168
sub_0018C850,0x0018C850,0x0018C8B0,96
sub_0018C8B0,0x0018C8B0,0x0018CA98,488
sub_0018CA98,0x0018CA98,0x0018CAC0,40
sub_0018CAC0,0x0018CAC0,0x0018CC30,368
sub_0018CC30,0x0018CC30,0x0018CC40,16
sub_0018CC40,0x0018CC40,0x0018CC78,56
sub_0018CC78,0x0018CC78,0x0018CC88,16
sub_0018CC88,0x0018CC88,0x0018CDB0,296
sub_0018CDB0,0x0018CDB0,0x0018CE00,80
sub_0018CE00,0x0018CE00,0x0018D3A8,1448
sub_0018D3A8,0x0018D3A8,0x0018D488,224
sub_0018D488,0x0018D488,0x0018D4C0,56
sub_0018D4C0,0x0018D4C0,0x0018D4C8,8
sub_0018D4C8,0x0018D4C8,0x0018D508,64
sub_0018D508,0x0018D508,0x0018D530,40
sub_0018D530,0x0018D530,0x0018D640,272
sub_0018D640,0x0018D640,0x0018D748,264
sub_0018D748,0x0018D748,0x0018D9C0,632
sub_0018D9C0,0x0018D9C0,0x0018DD88,968
sub_0018DD88,0x0018DD88,0x0018E180,1016
sub_0018E180,0x0018E180,0x0018E290,272
sub_0018E290,0x0018E290,0x0018E2F0,96
sub_0018E2F0,0x0018E2F0,0x0018E2F8,8
sub_0018E2F8,0x0018E2F8,0x0018E338,64
sub_0018E338,0x0018E338,0x0018E360,40
sub_0018E360,0x0018E360,0x0018E460,256
sub_0018E460,0x0018E460,0x0018E498,56
sub_0018E498,0x0018E498,0x0018E668,464
sub_0018E668,0x0018E668,0x0018E748,224
sub_0018E748,0x0018E748,0x0018E7E8,160
sub_0018E7E8,0x0018E7E8,0x0018E968,384
sub_0018E968,0x0018E968,0x0018E9B8,80
sub_0018E9B8,0x0018E9B8,0x0018EA10,88
sub_0018EA10,0x0018EA10,0x0018EA18,8
sub_0018EA18,0x0018EA18,0x0018EA58,64
sub_0018EA58,0x0018EA58,0x0018EA80,40
sub_0018EA80,0x0018EA80,0x0018EAC0,64
sub_0018EAC0,0x0018EAC0,0x0018EAE8,40
sub_0018EAE8,0x0018EAE8,0x0018EB40,88
sub_0018EB40,0x0018EB40,0x0018ED40,512
sub_0018ED40,0x0018ED40,0x0018EFD0,656
sub_0018EFD0,0x0018EFD0,0x0018F098,200
sub_0018F098,0x0018F098,0x0018F580,1256
sub_0018F580,0x0018F580,0x0018F638,184
sub_0018F638,0x0018F638,0x0018F6D8,160
sub_0018F6D8,0x0018F6D8,0x0018F930,600
sub_0018F930,0x0018F930,0x0018FB10,480
sub_0018FB10,0x0018FB10,0x0018FB58,72
sub_0018FB58,0x0018FB58,0x0018FB60,8
sub_0018FB60,0x0018FB60,0x0018FBA0,64
sub_0018FBA0,0x0018FBA0,0x0018FBC8,40
sub_0018FBC8,0x0018FBC8,0x0018FC08,64
sub_0018FC08,0x0018FC08,0x0018FC30,40
sub_0018FC30,0x0018FC30,0x0018FC88,88
sub_0018FC88,0x0018FC88,0x0018FFE8,864
sub_0018FFE8,0x0018FFE8,0x001900D0,232
sub_001900D0,0x001900D0,0x00190140,112
sub_00190140,0x00190140,0x001902C8,392
sub_001902C8,0x001902C8,0x00190938,1648
sub_00190938,0x00190938,0x00190F20,1512
sub_00190F20,0x00190F20,0x00191020,256
sub_00191020,0x00191020,0x00191470,1104
sub_00191470,0x00191470,0x001916A8,568
sub_001916A8,0x001916A8,0x001916F0,72
sub_001916F0,0x001916F0,0x001916F8,8
sub_001916F8,0x001916F8,0x00191738,64
sub_00191738,0x00191738,0x00191760,40
sub_00191760,0x00191760,0x00191768,8
sub_00191768,0x00191768,0x001917A8,64
sub_001917A8,0x001917A8,0x001917D0,40
sub_001917D0,0x001917D0,0x00191960,400
sub_00191960,0x00191960,0x00191A60,256
sub_00191A60,0x00191A60,0x00191DF0,912
sub_00191DF0,0x00191DF0,0x00192110,800
sub_00192110,0x00192110,0x00192208,248
sub_00192208,0x00192208,0x00192300,248
sub_00192300,0x00192300,0x00192380,128
sub_00192380,0x00192380,0x00192590,528
sub_00192590,0x00192590,0x001927D0,576
sub_001927D0,0x001927D0,0x00192AD0,768
sub_00192AD0,0x00192AD0,0x00192B08,56
sub_00192B08,0x00192B08,0x00192B88,128
sub_00192B88,0x00192B88,0x00192B90,8
sub_00192B90,0x00192B90,0x00192BD0,64
sub_00192BD0,0x00192BD0,0x00192BF8,40
sub_00192BF8,0x00192BF8,0x00192D20,296
sub_00192D20,0x00192D20,0x00192D90,112
sub_00192D90,0x00192D90,0x00192E28,152
sub_00192E28,0x00192E28,0x00192EA0,120
sub_00192EA0,0x00192EA0,0x00192FC0,288
sub_00192FC0,0x00192FC0,0x00193558,1432
sub_00193558,0x00193558,0x00193638,224
sub_00193638,0x00193638,0x001936A0,104
sub_001936A0,0x001936A0,0x001937C8,296
sub_001937C8,0x001937C8,0x00193810,72
sub_00193810,0x00193810,0x00193C60,1104
sub_00193C60,0x00193C60,0x00193C98,56
sub_00193C98,0x00193C98,0x00193FB0,792
sub_00193FB0,0x00193FB0,0x00193FD8,40
sub_00193FD8,0x00193FD8,0x001940F8,288
sub_001940F8,0x001940F8,0x00194108,16
sub_00194108,0x00194108,0x00194158,80
sub_00194158,0x00194158,0x001941F0,152
sub_001941F0,0x001941F0,0x00195018,3624
sub_00195018,0x00195018,0x001952C0,680
sub_001952C0,0x001952C0,0x00195400,320
sub_00195400,0x00195400,0x001954A8,168
sub_001954A8,0x001954A8,0x00195590,232
sub_00195590,0x00195590,0x00195670,224
sub_00195670,0x00195670,0x001956B8,72
sub_001956B8,0x001956B8,0x001956F8,64
sub_001956F8,0x001956F8,0x00195700,8
sub_00195700,0x00195700,0x00195740,64
sub_00195740,0x00195740,0x00195768,40
sub_00195768,0x00195768,0x00195770,8
sub_00195770,0x00195770,0x001957B0,64
sub_001957B0,0x001957B0,0x001957D8,40
sub_001957D8,0x001957D8,0x001958B0,216
sub_001958B0,0x001958B0,0x00195928,120
sub_00195928,0x00195928,0x00195AD8,432
sub_00195AD8,0x00195AD8,0x00195DD0,760
sub_00195DD0,0x00195DD0,0x00195ED8,264
sub_00195ED8,0x00195ED8,0x00196268,912
sub_00196268,0x00196268,0x001962F0,136
sub_001962F0,0x001962F0,0x00196398,168
sub_00196398,0x00196398,0x00196418,128
sub_00196418,0x00196418,0x001964A0,136
sub_001964A0,0x001964A0,0x001965A8,264
sub_001965A8,0x001965A8,0x00196670,200
sub_00196670,0x00196670,0x001966B0,64
sub_001966B0,0x001966B0,0x00196748,152
sub_00196748,0x00196748,0x00196998,592
sub_00196998,0x00196998,0x001969D0,56
sub_001969D0,0x001969D0,0x00196AB0,224
sub_00196AB0,0x00196AB0,0x00196AE8,56
sub_00196AE8,0x00196AE8,0x00196AF8,16
sub_00196AF8,0x00196AF8,0x00196B48,80
sub_00196B48,0x00196B48,0x00196B80,56
sub_00196B80,0x00196B80,0x00196BE8,104
sub_00196BE8,0x00196BE8,0x00197348,1888
sub_00197348,0x00197348,0x00197850,1288
sub_00197850,0x00197850,0x001978C0,112
sub_001978C0,0x001978C0,0x001978D8,24
sub_001978D8,0x001978D8,0x00197BE8,784
sub_00197BE8,0x00197BE8,0x00197C50,104
sub_00197C50,0x00197C50,0x00197FB8,872
sub_00197FB8,0x00197FB8,0x001980A8,240
sub_001980A8,0x001980A8,0x00198230,392
sub_00198230,0x00198230,0x00198398,360
sub_00198398,0x00198398,0x001986F0,856
sub_001986F0,0x001986F0,0x00198798,168
sub_00198798,0x00198798,0x00198908,368
sub_00198908,0x00198908,0x00198E90,1416
sub_00198E90,0x00198E90,0x00198EC8,56
sub_00198EC8,0x00198EC8,0x00198FA0,216
sub_00198FA0,0x00198FA0,0x00198FC0,32
sub_00198FC0,0x00198FC0,0x00199098,216
sub_00199098,0x00199098,0x001992B0,536
sub_001992B0,0x001992B0,0x00199368,184
sub_00199368,0x00199368,0x00199460,248
sub_00199460,0x00199460,0x001994F8,152
sub_001994F8,0x001994F8,0x00199530,56
sub_00199530,0x00199530,0x00199538,8
sub_00199538,0x00199538,0x00199578,64
sub_00199578,0x00199578,0x001995A0,40
sub_001995A0,0x001995A0,0x001995A8,8
sub_001995A8,0x001995A8,0x001996D0,296
sub_001996D0,0x001996D0,0x00199C70,1440
sub_00199C70,0x00199C70,0x00199DA8,312
sub_00199DA8,0x00199DA8,0x0019A028,640
sub_0019A028,0x0019A028,0x0019B140,4376
sub_0019B140,0x0019B140,0x0019B3C8,648
sub_0019B3C8,0x0019B3C8,0x0019B470,168
sub_0019B470,0x0019B470,0x0019B4E8,120
sub_0019B4E8,0x0019B4E8,0x0019B788,672
sub_0019B788,0x0019B788,0x0019B790,8
sub_0019B790,0x0019B790,0x0019B7D0,64
sub_0019B7D0,0x0019B7D0,0x0019B7F8,40
sub_0019B7F8,0x0019B7F8,0x0019BA30,568
sub_0019BA30,0x0019BA30,0x0019BAF8,200
sub_0019BAF8,0x0019BAF8,0x0019BB48,80
sub_0019BB48,0x0019BB48,0x0019BE28,736
sub_0019BE28,0x0019BE28,0x0019BE80,88
sub_0019BE80,0x0019BE80,0x0019BEC8,72
sub_0019BEC8,0x0019BEC8,0x0019BF10,72
sub_0019BF10,0x0019BF10,0x0019BFC8,184
sub_0019BFC8,0x0019BFC8,0x0019C0A0,216
sub_0019C0A0,0x0019C0A0,0x0019C228,392
sub_0019C228,0x0019C228,0x0019C4B8,656
sub_0019C4B8,0x0019C4B8,0x0019C528,112
sub_0019C528,0x0019C528,0x0019C5A8,128
sub_0019C5A8,0x0019C5A8,0x0019C628,128
sub_0019C628,0x0019C628,0x0019C660,56
sub_0019C660,0x0019C660,0x0019C690,48
sub_0019C690,0x0019C690,0x0019C6E0,80
sub_0019C6E0,0x0019C6E0,0x0019C750,112
sub_0019C750,0x0019C750,0x0019C7C0,112
sub_0019C7C0,0x0019C7C0,0x0019C830,112
sub_0019C830,0x0019C830,0x0019C9A0,368
sub_0019C9A0,0x0019C9A0,0x0019CB60,448
sub_0019CB60,0x0019CB60,0x0019CBE8,136
sub_0019CBE8,0x0019CBE8,0x0019CD68,384
sub_0019CD68,0x0019CD68,0x0019D278,1296
sub_0019D278,0x0019D278,0x0019D2C8,80
sub_0019D2C8,0x0019D2C8,0x0019D2F0,40
sub_0019D2F0,0x0019D2F0,0x0019D360,112
sub_0019D360,0x0019D360,0x0019D3C8,104
sub_0019D3C8,0x0019D3C8,0x0019D798,976
sub_0019D798,0x0019D798,0x0019D960,456
sub_0019D960,0x0019D960,0x0019D9A0,64
sub_0019D9A0,0x0019D9A0,0x0019D9A8,8
sub_0019D9A8,0x0019D9A8,0x0019D9E8,64
sub_0019D9E8,0x0019D9E8,0x0019DA10,40
sub_0019DA10,0x0019DA10,0x0019DB48,312
sub_0019DB48,0x0019DB48,0x0019DD90,584
sub_0019DD90,0x0019DD90,0x0019E130,928
sub_0019E130,0x0019E130,0x0019E138,8
sub_0019E138,0x0019E138,0x0019E178,64
sub_0019E178,0x0019E178,0x0019E1A0,40
sub_0019E1A0,0x0019E1A0,0x0019E3E8,584
sub_0019E3E8,0x0019E3E8,0x0019E4E0,248
sub_0019E4E0,0x0019E4E0,0x0019E7E8,776
sub_0019E7E8,0x0019E7E8,0x0019EB00,792
sub_0019EB00,0x0019EB00,0x0019EB08,8
sub_0019EB08,0x0019EB08,0x0019EB48,64
sub_0019EB48,0x0019EB48,0x0019EB70,40
sub_0019EB70,0x0019EB70,0x0019EC78,264
sub_0019EC78,0x0019EC78,0x0019EC90,24
sub_0019EC90,0x0019EC90,0x0019EFB8,808
sub_0019EFB8,0x0019EFB8,0x0019F040,136
sub_0019F040,0x0019F040,0x0019F0A0,96
sub_0019F0A0,0x0019F0A0,0x0019F1E8,328
sub_0019F1E8,0x0019F1E8,0x0019F380,408
sub_0019F380,0x0019F380,0x0019F3D8,88
sub_0019F3D8,0x0019F3D8,0x0019F458,128
sub_0019F458,0x0019F458,0x0019F690,568
sub_0019F690,0x0019F690,0x0019F6E0,80
sub_0019F6E0,0x0019F6E0,0x0019F718,56
sub_0019F718,0x0019F718,0x0019F7B8,160
sub_0019F7B8,0x0019F7B8,0x0019F808,80
sub_0019F808,0x0019F808,0x0019F830,40
sub_0019F830,0x0019F830,0x0019F868,56
sub_0019F868,0x0019F868,0x0019F9C8,352
sub_0019F9C8,0x0019F9C8,0x0019FAD0,264
sub_0019FAD0,0x0019FAD0,0x0019FB98,200
sub_0019FB98,0x0019FB98,0x0019FC38,160
sub_0019FC38,0x0019FC38,0x0019FDC0,392
sub_0019FDC0,0x0019FDC0,0x0019FDF8,56
sub_0019FDF8,0x0019FDF8,0x001A0408,1552
sub_001A0408,0x001A0408,0x001A0788,896
sub_001A0788,0x001A0788,0x001A07A0,24
sub_001A07A0,0x001A07A0,0x001A08F8,344
sub_001A08F8,0x001A08F8,0x001A09B0,184
sub_001A09B0,0x001A09B0,0x001A0A58,168
sub_001A0A58,0x001A0A58,0x001A0B18,192
sub_001A0B18,0x001A0B18,0x001A0B78,96
sub_001A0B78,0x001A0B78,0x001A0BC8,80
sub_001A0BC8,0x001A0BC8,0x001A0C20,88
sub_001A0C20,0x001A0C20,0x001A0D10,240
sub_001A0D10,0x001A0D10,0x001A0D58,72
sub_001A0D58,0x001A0D58,0x001A0D88,48
sub_001A0D88,0x001A0D88,0x001A0DC0,56
sub_001A0DC0,0x001A0DC0,0x001A0DE0,32
sub_001A0DE0,0x001A0DE0,0x001A0E00,32
sub_001A0E00,0x001A0E00,0x001A0E30,48
sub_001A0E30,0x001A0E30,0x001A0E88,88
sub_001A0E88,0x001A0E88,0x001A0EE0,88
sub_001A0EE0,0x001A0EE0,0x001A0F30,80
sub_001A0F30,0x001A0F30,0x001A0F48,24
sub_001A0F48,0x001A0F48,0x001A0F68,32
sub_001A0F68,0x001A0F68,0x001A0F88,32
sub_001A0F88,0x001A0F88,0x001A0FD8,80
sub_001A0FD8,0x001A0FD8,0x001A1080,168
sub_001A1080,0x001A1080,0x001A10C8,72
sub_001A10C8,0x001A10C8,0x001A10F8,48
sub_001A10F8,0x001A10F8,0x001A1158,96
sub_001A1158,0x001A1158,0x001A1240,232
sub_001A1240,0x001A1240,0x001A1250,16
sub_001A1250,0x001A1250,0x001A12B8,104
sub_001A12B8,0x001A12B8,0x001A1310,88
sub_001A1310,0x001A1310,0x001A1388,120
sub_001A1388,0x001A1388,0x001A1420,152
sub_001A1420,0x001A1420,0x001A1430,16
sub_001A1430,0x001A1430,0x001A1440,16
sub_001A1440,0x001A1440,0x001A1448,8
sub_001A1448,0x001A1448,0x001A1488,64
sub_001A1488,0x001A1488,0x001A14B0,40
sub_001A14B0,0x001A14B0,0x001A14B8,8
sub_001A14B8,0x001A14B8,0x001A14F8,64
sub_001A14F8,0x001A14F8,0x001A1520,40
sub_001A1520,0x001A1520,0x001A1528,8
sub_001A1528,0x001A1528,0x001A1568,64
sub_001A1568,0x001A1568,0x001A1590,40
sub_001A1590,0x001A1590,0x001A15B0,32
sub_001A15B0,0x001A15B0,0x001A1600,80
sub_001A1600,0x001A1600,0x001A1A08,1032
sub_001A1A08,0x001A1A08,0x001A1A48,64
sub_001A1A48,0x001A1A48,0x001A1B58,272
sub_001A1B58,0x001A1B58,0x001A1DB8,608
sub_001A1DB8,0x001A1DB8,0x001A1DC0,8
sub_001A1DC0,0x001A1DC0,0x001A1F48,392
sub_001A1F48,0x001A1F48,0x001A20D0,392
sub_001A20D0,0x001A20D0,0x001A2258,392
sub_001A2258,0x001A2258,0x001A23E0,392
sub_001A23E0,0x001A23E0,0x001A25E8,520
sub_001A25E8,0x001A25E8,0x001A2828,576
sub_001A2828,0x001A2828,0x001A2B08,736
sub_001A2B08,0x001A2B08,0x001A2E80,888
sub_001A2E80,0x001A2E80,0x001A3088,520
sub_001A3088,0x001A3088,0x001A3148,192
sub_001A3148,0x001A3148,0x001A3498,848
sub_001A3498,0x001A3498,0x001A3820,904
sub_001A3820,0x001A3820,0x001A3B48,808
sub_001A3B48,0x001A3B48,0x001A3E70,808
sub_001A3E70,0x001A3E70,0x001A3ED8,104
sub_001A3ED8,0x001A3ED8,0x001A4188,688
sub_001A4188,0x001A4188,0x001A4268,224
sub_001A4268,0x001A4268,0x001A42D0,104
sub_001A42D0,0x001A42D0,0x001A4468,408
sub_001A4468,0x001A4468,0x001A46B8,592
sub_001A46B8,0x001A46B8,0x001A4770,184
sub_001A4770,0x001A4770,0x001A4790,32
sub_001A4790,0x001A4790,0x001A49E8,600
sub_001A49E8,0x001A49E8,0x001A4A10,40
sub_001A4A10,0x001A4A10,0x001A4A38,40
sub_001A4A38,0x001A4A38,0x001A4B80,328
sub_001A4B80,0x001A4B80,0x001A4BA0,32
sub_001A4BA0,0x001A4BA0,0x001A5068,1224
sub_001A5068,0x001A5068,0x001A5090,40
sub_001A5090,0x001A5090,0x001A50B8,40
sub_001A50B8,0x001A50B8,0x001A51A8,240
sub_001A51A8,0x001A51A8,0x001A51D0,40
sub_001A51D0,0x001A51D0,0x001A51F8,40
sub_001A51F8,0x001A51F8,0x001A5270,120
sub_001A5270,0x001A5270,0x001A5298,40
sub_001A5298,0x001A5298,0x001A52C0,40
sub_001A52C0,0x001A52C0,0x001A5338,120
sub_001A5338,0x001A5338,0x001A5360,40
sub_001A5360,0x001A5360,0x001A5388,40
sub_001A5388,0x001A5388,0x001A53B0,40
sub_001A53B0,0x001A53B0,0x001A53D8,40
sub_001A53D8,0x001A53D8,0x001A5440,104
sub_001A5440,0x001A5440,0x001A5468,40
sub_001A5468,0x001A5468,0x001A5490,40
sub_001A5490,0x001A5490,0x001A5520,144
sub_001A5520,0x001A5520,0x001A55B0,144
sub_001A55B0,0x001A55B0,0x001A5618,104
sub_001A5618,0x001A5618,0x001A5640,40
sub_001A5640,0x001A5640,0x001A5668,40
sub_001A5668,0x001A5668,0x001A56D0,104
sub_001A56D0,0x001A56D0,0x001A56F8,40
sub_001A56F8,0x001A56F8,0x001A5720,40
sub_001A5720,0x001A5720,0x001A5790,112
sub_001A5790,0x001A5790,0x001A5800,112
sub_001A5800,0x001A5800,0x001A5870,112
sub_001A5870,0x001A5870,0x001A5918,168
sub_001A5918,0x001A5918,0x001A5938,32
sub_001A5938,0x001A5938,0x001A59D0,152
sub_001A59D0,0x001A59D0,0x001A5B10,320
sub_001A5B10,0x001A5B10,0x001A5BC0,176
sub_001A5BC0,0x001A5BC0,0x001A5C10,80
sub_001A5C10,0x001A5C10,0x001A5C98,136
sub_001A5C98,0x001A5C98,0x001A5D88,240
sub_001A5D88,0x001A5D88,0x001A5DE0,88
sub_001A5DE0,0x001A5DE0,0x001A5E00,32
sub_001A5E00,0x001A5E00,0x001A5E28,40
sub_001A5E28,0x001A5E28,0x001A5E50,40
sub_001A5E50,0x001A5E50,0x001A5E88,56
sub_001A5E88,0x001A5E88,0x001A5EB0,40
sub_001A5EB0,0x001A5EB0,0x001A5FC0,272
sub_001A5FC0,0x001A5FC0,0x001A60A8,232
sub_001A60A8,0x001A60A8,0x001A6180,216
sub_001A6180,0x001A6180,0x001A6228,168
sub_001A6228,0x001A6228,0x001A6250,40
sub_001A6250,0x001A6250,0x001A6378,296
sub_001A6378,0x001A6378,0x001A63E8,112
sub_001A63E8,0x001A63E8,0x001A6440,88
sub_001A6440,0x001A6440,0x001A64F8,184
sub_001A64F8,0x001A64F8,0x001A6578,128
sub_001A6578,0x001A6578,0x001A6670,248
sub_001A6670,0x001A6670,0x001A6778,264
sub_001A6778,0x001A6778,0x001A67A0,40
sub_001A67A0,0x001A67A0,0x001A67C8,40
sub_001A67C8,0x001A67C8,0x001A6820,88
sub_001A6820,0x001A6820,0x001A6BD0,944
sub_001A6BD0,0x001A6BD0,0x001A6C18,72
sub_001A6C18,0x001A6C18,0x001A6C60,72
sub_001A6C60,0x001A6C60,0x001A6C90,48
sub_001A6C90,0x001A6C90,0x001A7090,1024
sub_001A7090,0x001A7090,0x001A7100,112
sub_001A7100,0x001A7100,0x001A71A8,168
sub_001A71A8,0x001A71A8,0x001A72A8,256
sub_001A72A8,0x001A72A8,0x001A72E0,56
sub_001A72E0,0x001A72E0,0x001A7380,160
sub_001A7380,0x001A7380,0x001A7D18,2456
sub_001A7D18,0x001A7D18,0x001A7E10,248
sub_001A7E10,0x001A7E10,0x001A7EF0,224
sub_001A7EF0,0x001A7EF0,0x001A81F8,776
sub_001A81F8,0x001A81F8,0x001A8338,320
sub_001A8338,0x001A8338,0x001A8580,584
sub_001A8580,0x001A8580,0x001A8690,272
sub_001A8690,0x001A8690,0x001A8718,136
sub_001A8718,0x001A8718,0x001A87D8,192
sub_001A87D8,0x001A87D8,0x001A8878,160
sub_001A8878,0x001A8878,0x001A8960,232
sub_001A8960,0x001A8960,0x001A89D8,120
sub_001A89D8,0x001A89D8,0x001A8BA0,456
sub_001A8BA0,0x001A8BA0,0x001A8E30,656
sub_001A8E30,0x001A8E30,0x001A8E60,48
sub_001A8E60,0x001A8E60,0x001A8EF0,144
sub_001A8EF0,0x001A8EF0,0x001A8FC8,216
sub_001A8FC8,0x001A8FC8,0x001A9058,144
sub_001A9058,0x001A9058,0x001A90E8,144
sub_001A90E8,0x001A90E8,0x001A91C8,224
sub_001A91C8,0x001A91C8,0x001A9260,152
sub_001A9260,0x001A9260,0x001A9520,704
sub_001A9520,0x001A9520,0x001A95D8,184
sub_001A95D8,0x001A95D8,0x001A97A0,456
sub_001A97A0,0x001A97A0,0x001A97C8,40
sub_001A97C8,0x001A97C8,0x001A9838,112
sub_001A9838,0x001A9838,0x001A9870,56
sub_001A9870,0x001A9870,0x001A98B0,64
sub_001A98B0,0x001A98B0,0x001A98D8,40
sub_001A98D8,0x001A98D8,0x001A9990,184
sub_001A9990,0x001A9990,0x001A9AC8,312
sub_001A9AC8,0x001A9AC8,0x001A9B18,80
sub_001A9B18,0x001A9B18,0x001A9B88,112
sub_001A9B88,0x001A9B88,0x001A9BD8,80
sub_001A9BD8,0x001A9BD8,0x001A9C28,80
sub_001A9C28,0x001A9C28,0x001A9C78,80
sub_001A9C78,0x001A9C78,0x001A9CC8,80
sub_001A9CC8,0x001A9CC8,0x001A9D18,80
sub_001A9D18,0x001A9D18,0x001A9DC8,176
sub_001A9DC8,0x001A9DC8,0x001A9DE8,32
sub_001A9DE8,0x001A9DE8,0x001A9DF0,8
sub_001A9DF0,0x001A9DF0,0x001A9EA0,176
sub_001A9EA0,0x001A9EA0,0x001A9EC0,32
sub_001A9EC0,0x001A9EC0,0x001A9EC8,8
sub_001A9EC8,0x001A9EC8,0x001AA150,648
sub_001AA150,0x001AA150,0x001AA170,32
sub_001AA170,0x001AA170,0x001AA178,8
sub_001AA178,0x001AA178,0x001AA3E0,616
sub_001AA3E0,0x001AA3E0,0x001AA400,32
sub_001AA400,0x001AA400,0x001AA408,8
sub_001AA408,0x001AA408,0x001AA530,296
sub_001AA530,0x001AA530,0x001AA8C8,920
sub_001AA8C8,0x001AA8C8,0x001AA8E8,32
sub_001AA8E8,0x001AA8E8,0x001AA8F0,8
sub_001AA8F0,0x001AA8F0,0x001AA9A0,176
sub_001AA9A0,0x001AA9A0,0x001AA9C0,32
sub_001AA9C0,0x001AA9C0,0x001AB048,1672
sub_001AB048,0x001AB048,0x001AB050,8
sub_001AB050,0x001AB050,0x001AB058,8
sub_001AB058,0x001AB058,0x001AB060,8
sub_001AB060,0x001AB060,0x001AB0F0,144
sub_001AB0F0,0x001AB0F0,0x001AB110,32
sub_001AB110,0x001AB110,0x001AB300,496
sub_001AB300,0x001AB300,0x001AB390,144
sub_001AB390,0x001AB390,0x001AB3B0,32
sub_001AB3B0,0x001AB3B0,0x001AB798,1000
sub_001AB798,0x001AB798,0x001AB828,144
sub_001AB828,0x001AB828,0x001AB928,256
sub_001AB928,0x001AB928,0x001ABB00,472
sub_001ABB00,0x001ABB00,0x001ABC50,336
sub_001ABC50,0x001ABC50,0x001ABCE0,144
sub_001ABCE0,0x001ABCE0,0x001ABD78,152
sub_001ABD78,0x001ABD78,0x001ABE78,256
sub_001ABE78,0x001ABE78,0x001ABE80,8
sub_001ABE80,0x001ABE80,0x001ABE88,8
sub_001ABE88,0x001ABE88,0x001ABF18,144
sub_001ABF18,0x001ABF18,0x001AC108,496
sub_001AC108,0x001AC108,0x001AC138,48
sub_001AC138,0x001AC138,0x001AC358,544
sub_001AC358,0x001AC358,0x001AC560,520
sub_001AC560,0x001AC560,0x001AC590,48
sub_001AC590,0x001AC590,0x001AC9F8,1128
sub_001AC9F8,0x001AC9F8,0x001ACB68,368
sub_001ACB68,0x001ACB68,0x001ACBE0,120
sub_001ACBE0,0x001ACBE0,0x001ACC38,88
sub_001ACC38,0x001ACC38,0x001AD260,1576
sub_001AD260,0x001AD260,0x001AD7C8,1384
sub_001AD7C8,0x001AD7C8,0x001AD850,136
sub_001AD850,0x001AD850,0x001AD8D0,128
sub_001AD8D0,0x001AD8D0,0x001AD928,88
sub_001AD928,0x001AD928,0x001AD998,112
sub_001AD998,0x001AD998,0x001ADAB8,288
sub_001ADAB8,0x001ADAB8,0x001ADBC0,264
sub_001ADBC0,0x001ADBC0,0x001ADC50,144
sub_001ADC50,0x001ADC50,0x001ADD30,224
sub_001ADD30,0x001ADD30,0x001ADE58,296
sub_001ADE58,0x001ADE58,0x001ADEB0,88
sub_001ADEB0,0x001ADEB0,0x001ADF60,176
sub_001ADF60,0x001ADF60,0x001ADFF8,152
sub_001ADFF8,0x001ADFF8,0x001AE118,288
sub_001AE118,0x001AE118,0x001AE120,8
sub_001AE120,0x001AE120,0x001AE128,8
sub_001AE128,0x001AE128,0x001AE130,8
sub_001AE130,0x001AE130,0x001AE2C0,400
sub_001AE2C0,0x001AE2C0,0x001AE2C8,8
sub_001AE2C8,0x001AE2C8,0x001AE2D0,8
sub_001AE2D0,0x001AE2D0,0x001AE450,384
sub_001AE450,0x001AE450,0x001AE458,8
sub_001AE458,0x001AE458,0x001AE460,8
sub_001AE460,0x001AE460,0x001AE518,184
sub_001AE518,0x001AE518,0x001AE560,72
sub_001AE560,0x001AE560,0x001AE570,16
sub_001AE570,0x001AE570,0x001AE6D0,352
sub_001AE6D0,0x001AE6D0,0x001AE720,80
sub_001AE720,0x001AE720,0x001AE778,88
sub_001AE778,0x001AE778,0x001AE9D8,608
sub_001AE9D8,0x001AE9D8,0x001AEA58,128
sub_001AEA58,0x001AEA58,0x001AEB40,232
sub_001AEB40,0x001AEB40,0x001AEBA8,104
sub_001AEBA8,0x001AEBA8,0x001AEC18,112
sub_001AEC18,0x001AEC18,0x001AEC68,80
sub_001AEC68,0x001AEC68,0x001AECA8,64
sub_001AECA8,0x001AECA8,0x001AECD8,48
sub_001AECD8,0x001AECD8,0x001AEE28,336
sub_001AEE28,0x001AEE28,0x001AEE70,72
sub_001AEE70,0x001AEE70,0x001AEEE8,120
sub_001AEEE8,0x001AEEE8,0x001AEF30,72
sub_001AEF30,0x001AEF30,0x001AF008,216
sub_001AF008,0x001AF008,0x001AF0A8,160
sub_001AF0A8,0x001AF0A8,0x001AF120,120
sub_001AF120,0x001AF120,0x001AF128,8
sub_001AF128,0x001AF128,0x001AF130,8
sub_001AF130,0x001AF130,0x001AF6B8,1416
sub_001AF6B8,0x001AF6B8,0x001AF6F8,64
sub_001AF6F8,0x001AF6F8,0x001AF700,8
sub_001AF700,0x001AF700,0x001AF898,408
sub_001AF898,0x001AF898,0x001AFAD0,568
sub_001AFAD0,0x001AFAD0,0x001B0B10,4160
sub_001B0B10,0x001B0B10,0x001B0C70,352
sub_001B0C70,0x001B0C70,0x001B0C80,16
sub_001B0C80,0x001B0C80,0x001B0DD0,336
sub_001B0DD0,0x001B0DD0,0x001B0E40,112
sub_001B0E40,0x001B0E40,0x001B0E70,48
sub_001B0E70,0x001B0E70,0x001B0EA0,48
sub_001B0EA0,0x001B0EA0,0x001B0EC8,40
sub_001B0EC8,0x001B0EC8,0x001B0FB0,232
sub_001B0FB0,0x001B0FB0,0x001B0FD8,40
sub_001B0FD8,0x001B0FD8,0x001B1018,64
sub_001B1018,0x001B1018,0x001B1118,256
sub_001B1118,0x001B1118,0x001B12F0,472
sub_001B12F0,0x001B12F0,0x001B13A8,184
sub_001B13A8,0x001B13A8,0x001B1488,224
sub_001B1488,0x001B1488,0x001B14B8,48
sub_001B14B8,0x001B14B8,0x001B19E8,1328
sub_001B19E8,0x001B19E8,0x001B1AF0,264
sub_001B1AF0,0x001B1AF0,0x001B1B68,120
sub_001B1B68,0x001B1B68,0x001B1C48,224
sub_001B1C48,0x001B1C48,0x001B1CF8,176
sub_001B1CF8,0x001B1CF8,0x001B2390,1688
sub_001B2390,0x001B2390,0x001B25B8,552
sub_001B25B8,0x001B25B8,0x001B25C8,16
sub_001B25C8,0x001B25C8,0x001B26F0,296
sub_001B26F0,0x001B26F0,0x001B2918,552
sub_001B2918,0x001B2918,0x001B2958,64
sub_001B2958,0x001B2958,0x001B2CD0,888
sub_001B2CD0,0x001B2CD0,0x001B2D20,80
sub_001B2D20,0x001B2D20,0x001B2D70,80
sub_001B2D70,0x001B2D70,0x001B2EC0,336
sub_001B2EC0,0x001B2EC0,0x001B2F20,96
sub_001B2F20,0x001B2F20,0x001B2F50,48
sub_001B2F50,0x001B2F50,0x001B3018,200
sub_001B3018,0x001B3018,0x001B30D0,184
sub_001B30D0,0x001B30D0,0x001B3160,144
sub_001B3160,0x001B3160,0x001B3188,40
sub_001B3188,0x001B3188,0x001B32F0,360
sub_001B32F0,0x001B32F0,0x001B3430,320
sub_001B3430,0x001B3430,0x001B34A0,112
sub_001B34A0,0x001B34A0,0x001B3508,104
sub_001B3508,0x001B3508,0x001B3538,48
sub_001B3538,0x001B3538,0x001B35B0,120
sub_001B35B0,0x001B35B0,0x001B3728,376
sub_001B3728,0x001B3728,0x001B38A0,376
sub_001B38A0,0x001B38A0,0x001B3960,192
sub_001B3960,0x001B3960,0x001B3BE8,648
sub_001B3BE8,0x001B3BE8,0x001B3D30,328
sub_001B3D30,0x001B3D30,0x001B3E08,216
sub_001B3E08,0x001B3E08,0x001B3EF8,240
sub_001B3EF8,0x001B3EF8,0x001B4430,1336
sub_001B4430,0x001B4430,0x001B4500,208
sub_001B4500,0x001B4500,0x001B45B0,176
sub_001B45B0,0x001B45B0,0x001B46D8,296
sub_001B46D8,0x001B46D8,0x001B47E0,264
sub_001B47E0,0x001B47E0,0x001B4908,296
sub_001B4908,0x001B4908,0x001B4A38,304
sub_001B4A38,0x001B4A38,0x001B4A78,64
sub_001B4A78,0x001B4A78,0x001B4AE8,112
sub_001B4AE8,0x001B4AE8,0x001B4B28,64
sub_001B4B28,0x001B4B28,0x001B4B50,40
sub_001B4B50,0x001B4B50,0x001B4BA8,88
sub_001B4BA8,0x001B4BA8,0x001B4C58,176
sub_001B4C58,0x001B4C58,0x001B4D28,208
sub_001B4D28,0x001B4D28,0x001B4FC8,672
sub_001B4FC8,0x001B4FC8,0x001B5088,192
sub_001B5088,0x001B5088,0x001B52F8,624
sub_001B52F8,0x001B52F8,0x001B53E0,232
sub_001B53E0,0x001B53E0,0x001B54A0,192
sub_001B54A0,0x001B54A0,0x001B54D8,56
sub_001B54D8,0x001B54D8,0x001B55E0,264
sub_001B55E0,0x001B55E0,0x001B56B8,216
sub_001B56B8,0x001B56B8,0x001B5738,128
sub_001B5738,0x001B5738,0x001B5798,96
sub_001B5798,0x001B5798,0x001B5808,112
sub_001B5808,0x001B5808,0x001B5850,72
sub_001B5850,0x001B5850,0x001B5870,32
sub_001B5870,0x001B5870,0x001B5890,32
sub_001B5890,0x001B5890,0x001B58B0,32
sub_001B58B0,0x001B58B0,0x001B58D0,32
sub_001B58D0,0x001B58D0,0x001B5930,96
sub_001B5930,0x001B5930,0x001B5990,96
sub_001B5990,0x001B5990,0x001B59B0,32
sub_001B59B0,0x001B59B0,0x001B59F8,72
sub_001B59F8,0x001B59F8,0x001B5A38,64
sub_001B5A38,0x001B5A38,0x001B5A78,64
sub_001B5A78,0x001B5A78,0x001B5A98,32
sub_001B5A98,0x001B5A98,0x001B5B20,136
sub_001B5B20,0x001B5B20,0x001B5B30,16
sub_001B5B30,0x001B5B30,0x001B5B40,16
sub_001B5B40,0x001B5B40,0x001B5B60,32
sub_001B5B60,0x001B5B60,0x001B5BA8,72
sub_001B5BA8,0x001B5BA8,0x001B5C70,200
sub_001B5C70,0x001B5C70,0x001B5CE0,112
sub_001B5CE0,0x001B5CE0,0x001B5D70,144
sub_001B5D70,0x001B5D70,0x001B7720,6576
sub_001B7720,0x001B7720,0x001B77D8,184
sub_001B77D8,0x001B77D8,0x001B78C8,240
sub_001B78C8,0x001B78C8,0x001B79E0,280
sub_001B79E0,0x001B79E0,0x001B7A20,64
sub_001B7A20,0x001B7A20,0x001B7A60,64
sub_001B7A60,0x001B7A60,0x001B7AA0,64
sub_001B7AA0,0x001B7AA0,0x001B7AA8,8
sub_001B7AA8,0x001B7AA8,0x001B7B98,240
sub_001B7B98,0x001B7B98,0x001B7BF0,88
sub_001B7BF0,0x001B7BF0,0x001B7CE0,240
sub_001B7CE0,0x001B7CE0,0x001B7DF0,272
sub_001B7DF0,0x001B7DF0,0x001B7ED0,224
sub_001B7ED0,0x001B7ED0,0x001B7F08,56
sub_001B7F08,0x001B7F08,0x001B7F50,72
sub_001B7F50,0x001B7F50,0x001B8050,256
sub_001B8050,0x001B8050,0x001B8198,328
sub_001B8198,0x001B8198,0x001B8300,360
sub_001B8300,0x001B8300,0x001B8318,24
sub_001B8318,0x001B8318,0x001B8408,240
sub_001B8408,0x001B8408,0x001B8418,16
sub_001B8418,0x001B8418,0x001B8478,96
sub_001B8478,0x001B8478,0x001B8830,952
sub_001B8830,0x001B8830,0x001B8968,312
sub_001B8968,0x001B8968,0x001B8A48,224
sub_001B8A48,0x001B8A48,0x001B8CD0,648
sub_001B8CD0,0x001B8CD0,0x001B8CE0,16
sub_001B8CE0,0x001B8CE0,0x001B8D88,168
sub_001B8D88,0x001B8D88,0x001B8DF0,104
sub_001B8DF0,0x001B8DF0,0x001B8E88,152
sub_001B8E88,0x001B8E88,0x001B92B8,1072
sub_001B92B8,0x001B92B8,0x001B9338,128
sub_001B9338,0x001B9338,0x001B9358,32
sub_001B9358,0x001B9358,0x001B9718,960
sub_001B9718,0x001B9718,0x001B9780,104
sub_001B9780,0x001B9780,0x001B9828,168
sub_001B9828,0x001B9828,0x001B9908,224
sub_001B9908,0x001B9908,0x001B9AF0,488
sub_001B9AF0,0x001B9AF0,0x001B9BC8,216
sub_001B9BC8,0x001B9BC8,0x001B9CC0,248
sub_001B9CC0,0x001B9CC0,0x001B9D0C,76
sub_001B9D0C,0x001B9D0C,0x001B9D14,8
sub_001B9D14,0x001B9D14,0x001B9D78,100
sub_001B9D78,0x001B9D78,0x001B9F08,400
sub_001B9F08,0x001B9F08,0x001BA220,792
sub_001BA220,0x001BA220,0x001BA2C8,168
sub_001BA2C8,0x001BA2C8,0x001BA4F8,560
sub_001BA4F8,0x001BA4F8,0x001BA8F8,1024
sub_001BA8F8,0x001BA8F8,0x001BABA8,688
sub_001BABA8,0x001BABA8,0x001BABE8,64
sub_001BABE8,0x001BABE8,0x001BAC80,152
sub_001BAC80,0x001BAC80,0x001BACC8,72
sub_001BACC8,0x001BACC8,0x001BAF58,656
sub_001BAF58,0x001BAF58,0x001BB000,168
sub_001BB000,0x001BB000,0x001BB0E8,232
sub_001BB0E8,0x001BB0E8,0x001BB0F8,16
sub_001BB0F8,0x001BB0F8,0x001BB1E0,232
sub_001BB1E0,0x001BB1E0,0x001BB260,128
sub_001BB260,0x001BB260,0x001BB360,256
sub_001BB360,0x001BB360,0x001BB4A0,320
sub_001BB4A0,0x001BB4A0,0x001BB608,360
sub_001BB608,0x001BB608,0x001BB6D8,208
sub_001BB6D8,0x001BB6D8,0x001BB700,40
sub_001BB700,0x001BB700,0x001BB7E8,232
sub_001BB7E8,0x001BB7E8,0x001BB9B8,464
sub_001BB9B8,0x001BB9B8,0x001BBA78,192
sub_001BBA78,0x001BBA78,0x001BBB30,184
sub_001BBB30,0x001BBB30,0x001BBBA0,112
sub_001BBBA0,0x001BBBA0,0x001BBBF8,88
sub_001BBBF8,0x001BBBF8,0x001BBC90,152
sub_001BBC90,0x001BBC90,0x001BBCA0,16
sub_001BBCA0,0x001BBCA0,0x001BBCF8,88
sub_001BBCF8,0x001BBCF8,0x001BBD08,16
sub_001BBD08,0x001BBD08,0x001BBDB8,176
sub_001BBDB8,0x001BBDB8,0x001BBE28,112
sub_001BBE28,0x001BBE28,0x001BBE50,40
sub_001BBE50,0x001BBE50,0x001BBE78,40
sub_001BBE78,0x001BBE78,0x001BBEC0,72
sub_001BBEC0,0x001BBEC0,0x001BBEE8,40
sub_001BBEE8,0x001BBEE8,0x001BBF10,40
sub_001BBF10,0x001BBF10,0x001BBFE0,208
sub_001BBFE0,0x001BBFE0,0x001BC028,72
sub_001BC028,0x001BC028,0x001BC070,72
sub_001BC070,0x001BC070,0x001BC0B0,64
sub_001BC0B0,0x001BC0B0,0x001BC1B8,264
sub_001BC1B8,0x001BC1B8,0x001BC1F8,64
sub_001BC1F8,0x001BC1F8,0x001BC5D0,984
sub_001BC5D0,0x001BC5D0,0x001BDB58,5512
sub_001BDB58,0x001BDB58,0x001BDD20,456
sub_001BDD20,0x001BDD20,0x001BDDB0,144
sub_001BDDB0,0x001BDDB0,0x001BDDE8,56
sub_001BDDE8,0x001BDDE8,0x001BDE60,120
sub_001BDE60,0x001BDE60,0x001BDEF0,144
sub_001BDEF0,0x001BDEF0,0x001BDFF8,264
sub_001BDFF8,0x001BDFF8,0x001BE1D8,480
sub_001BE1D8,0x001BE1D8,0x001BE338,352
sub_001BE338,0x001BE338,0x001BE430,248
sub_001BE430,0x001BE430,0x001BE458,40
sub_001BE458,0x001BE458,0x001BE550,248
sub_001BE550,0x001BE550,0x001BE5A8,88
sub_001BE5A8,0x001BE5A8,0x001BE600,88
sub_001BE600,0x001BE600,0x001BE6A0,160
sub_001BE6A0,0x001BE6A0,0x001BE718,120
sub_001BE718,0x001BE718,0x001BE7A0,136
sub_001BE7A0,0x001BE7A0,0x001BE7B0,16
sub_001BE7B0,0x001BE7B0,0x001BE7E8,56
sub_001BE7E8,0x001BE7E8,0x001BE868,128
sub_001BE868,0x001BE868,0x001BE9C8,352
sub_001BE9C8,0x001BE9C8,0x001BE9D0,8
sub_001BE9D0,0x001BE9D0,0x001BE9F8,40
sub_001BE9F8,0x001BE9F8,0x001BEA90,152
sub_001BEA90,0x001BEA90,0x001BEAB8,40
sub_001BEAB8,0x001BEAB8,0x001BEEA8,1008
sub_001BEEA8,0x001BEEA8,0x001BF028,384
sub_001BF028,0x001BF028,0x001BF6F0,1736
sub_001BF6F0,0x001BF6F0,0x001BF730,64
sub_001BF730,0x001BF730,0x001BF758,40
sub_001BF758,0x001BF758,0x001BF7B0,88
sub_001BF7B0,0x001BF7B0,0x001BFB28,888
sub_001BFB28,0x001BFB28,0x001BFBC8,160
sub_001BFBC8,0x001BFBC8,0x001BFC40,120
sub_001BFC40,0x001BFC40,0x001BFCC0,128
sub_001BFCC0,0x001BFCC0,0x001BFD40,128
sub_001BFD40,0x001BFD40,0x001BFDB0,112
sub_001BFDB0,0x001BFDB0,0x001BFDF0,64
sub_001BFDF0,0x001BFDF0,0x001BFE30,64
sub_001BFE30,0x001BFE30,0x001BFE80,80
sub_001BFE80,0x001BFE80,0x001C0818,2456
sub_001C0818,0x001C0818,0x001C0868,80
sub_001C0868,0x001C0868,0x001C0880,24
sub_001C0880,0x001C0880,0x001C08A0,32
sub_001C08A0,0x001C08A0,0x001C08F8,88
sub_001C08F8,0x001C08F8,0x001C0950,88
sub_001C0950,0x001C0950,0x001C0AB0,352
sub_001C0AB0,0x001C0AB0,0x001C0BD0,288
sub_001C0BD0,0x001C0BD0,0x001C0C70,160
sub_001C0C70,0x001C0C70,0x001C0D90,288
sub_001C0D90,0x001C0D90,0x001C0EE0,336
sub_001C0EE0,0x001C0EE0,0x001C0F48,104
sub_001C0F48,0x001C0F48,0x001C1138,496
sub_001C1138,0x001C1138,0x001C117C,68
sub_001C117C,0x001C117C,0x001C1184,8
sub_001C1184,0x001C1184,0x001C118C,8
sub_001C118C,0x001C118C,0x001C1194,8
sub_001C1194,0x001C1194,0x001C11A8,20
sub_001C11A8,0x001C11A8,0x001C1278,208
sub_001C1278,0x001C1278,0x001C12BC,68
sub_001C12BC,0x001C12BC,0x001C12C4,8
sub_001C12C4,0x001C12C4,0x001C12CC,8
sub_001C12CC,0x001C12CC,0x001C12D4,8
sub_001C12D4,0x001C12D4,0x001C12E8,20
sub_001C12E8,0x001C12E8,0x001C1920,1592
sub_001C1920,0x001C1920,0x001C19C8,168
sub_001C19C8,0x001C19C8,0x001C1A38,112
sub_001C1A38,0x001C1A38,0x001C1AC0,136
sub_001C1AC0,0x001C1AC0,0x001C1BA8,232
sub_001C1BA8,0x001C1BA8,0x001C1C58,176
sub_001C1C58,0x001C1C58,0x001C1E00,424
sub_001C1E00,0x001C1E00,0x001C1FC8,456
sub_001C1FC8,0x001C1FC8,0x001C2070,168
sub_001C2070,0x001C2070,0x001C20B0,64
sub_001C20B0,0x001C20B0,0x001C20D8,40
sub_001C20D8,0x001C20D8,0x001C2130,88
sub_001C2130,0x001C2130,0x001C21D0,160
sub_001C21D0,0x001C21D0,0x001C2278,168
sub_001C2278,0x001C2278,0x001C22E8,112
sub_001C22E8,0x001C22E8,0x001C2428,320
sub_001C2428,0x001C2428,0x001C2538,272
sub_001C2538,0x001C2538,0x001C26D0,408
sub_001C26D0,0x001C26D0,0x001C27A8,216
sub_001C27A8,0x001C27A8,0x001C27F8,80
sub_001C27F8,0x001C27F8,0x001C2858,96
sub_001C2858,0x001C2858,0x001C28B0,88
sub_001C28B0,0x001C28B0,0x001C28D0,32
sub_001C28D0,0x001C28D0,0x001C2AD8,520
sub_001C2AD8,0x001C2AD8,0x001C2D50,632
sub_001C2D50,0x001C2D50,0x001C3350,1536
sub_001C3350,0x001C3350,0x001C3440,240
sub_001C3440,0x001C3440,0x001C3690,592
sub_001C3690,0x001C3690,0x001C4250,3008
sub_001C4250,0x001C4250,0x001C4330,224
sub_001C4330,0x001C4330,0x001C4430,256
sub_001C4430,0x001C4430,0x001C44E8,184
sub_001C44E8,0x001C44E8,0x001C4558,112
sub_001C4558,0x001C4558,0x001C4780,552
sub_001C4780,0x001C4780,0x001C48C0,320
sub_001C48C0,0x001C48C0,0x001C4C80,960
sub_001C4C80,0x001C4C80,0x001C4F28,680
sub_001C4F28,0x001C4F28,0x001C5058,304
sub_001C5058,0x001C5058,0x001C5440,1000
sub_001C5440,0x001C5440,0x001C66B8,4728
sub_001C66B8,0x001C66B8,0x001C6A30,888
sub_001C6A30,0x001C6A30,0x001C6C60,560
sub_001C6C60,0x001C6C60,0x001C7B30,3792
sub_001C7B30,0x001C7B30,0x001C7D28,504
sub_001C7D28,0x001C7D28,0x001C83C8,1696
sub_001C83C8,0x001C83C8,0x001C87C0,1016
sub_001C87C0,0x001C87C0,0x001C87F8,56
sub_001C87F8,0x001C87F8,0x001C88F0,248
sub_001C88F0,0x001C88F0,0x001C89F0,256
sub_001C89F0,0x001C89F0,0x001C8B90,416
sub_001C8B90,0x001C8B90,0x001C8CC0,304
sub_001C8CC0,0x001C8CC0,0x001C8D18,88
sub_001C8D18,0x001C8D18,0x001C8EB8,416
sub_001C8EB8,0x001C8EB8,0x001C8FF8,320
sub_001C8FF8,0x001C8FF8,0x001C95D8,1504
sub_001C95D8,0x001C95D8,0x001C9758,384
sub_001C9758,0x001C9758,0x001C9888,304
sub_001C9888,0x001C9888,0x001CA2A0,2584
sub_001CA2A0,0x001CA2A0,0x001CA3F0,336
sub_001CA3F0,0x001CA3F0,0x001CA550,352
sub_001CA550,0x001CA550,0x001CA748,504
sub_001CA748,0x001CA748,0x001CA8F8,432
sub_001CA8F8,0x001CA8F8,0x001CA928,48
sub_001CA928,0x001CA928,0x001CA970,72
sub_001CA970,0x001CA970,0x001CAAE0,368
sub_001CAAE0,0x001CAAE0,0x001CAD70,656
sub_001CAD70,0x001CAD70,0x001CAE50,224
sub_001CAE50,0x001CAE50,0x001CAF48,248
sub_001CAF48,0x001CAF48,0x001CB188,576
sub_001CB188,0x001CB188,0x001CB2E0,344
sub_001CB2E0,0x001CB2E0,0x001CB438,344
sub_001CB438,0x001CB438,0x001CBA50,1560
sub_001CBA50,0x001CBA50,0x001CBB30,224
sub_001CBB30,0x001CBB30,0x001CBBA8,120
sub_001CBBA8,0x001CBBA8,0x001CBC50,168
sub_001CBC50,0x001CBC50,0x001CBCB8,104
sub_001CBCB8,0x001CBCB8,0x001CBD00,72
sub_001CBD00,0x001CBD00,0x001CBD40,64
sub_001CBD40,0x001CBD40,0x001CBDC0,128
sub_001CBDC0,0x001CBDC0,0x001CC188,968
sub_001CC188,0x001CC188,0x001CC198,16
sub_001CC198,0x001CC198,0x001CC6E0,1352
sub_001CC6E0,0x001CC6E0,0x001CC740,96
sub_001CC740,0x001CC740,0x001CCBC8,1160
sub_001CCBC8,0x001CCBC8,0x001CD030,1128
sub_001CD030,0x001CD030,0x001CD210,480
sub_001CD210,0x001CD210,0x001CD308,248
sub_001CD308,0x001CD308,0x001CD680,888
sub_001CD680,0x001CD680,0x001CD720,160
sub_001CD720,0x001CD720,0x001CDB68,1096
sub_001CDB68,0x001CDB68,0x001CDFE0,1144
sub_001CDFE0,0x001CDFE0,0x001CE3A8,968
sub_001CE3A8,0x001CE3A8,0x001CE400,88
sub_001CE400,0x001CE400,0x001CE460,96
sub_001CE460,0x001CE460,0x001CE608,424
sub_001CE608,0x001CE608,0x001CE698,144
sub_001CE698,0x001CE698,0x001CE898,512
sub_001CE898,0x001CE898,0x001CEA10,376
sub_001CEA10,0x001CEA10,0x001CEE10,1024
sub_001CEE10,0x001CEE10,0x001CF780,2416
sub_001CF780,0x001CF780,0x001CF788,8
sub_001CF788,0x001CF788,0x001CFB88,1024
sub_001CFB88,0x001CFB88,0x001CFBD0,72
sub_001CFBD0,0x001CFBD0,0x001CFC58,136
sub_001CFC58,0x001CFC58,0x001CFD88,304
sub_001CFD88,0x001CFD88,0x001CFF60,472
sub_001CFF60,0x001CFF60,0x001D0048,232
sub_001D0048,0x001D0048,0x001D0248,512
sub_001D0248,0x001D0248,0x001D0B10,2248
sub_001D0B10,0x001D0B10,0x001D0BB0,160
sub_001D0BB0,0x001D0BB0,0x001D0BF8,72
sub_001D0BF8,0x001D0BF8,0x001D0E48,592
sub_001D0E48,0x001D0E48,0x001D0E78,48
sub_001D0E78,0x001D0E78,0x001D0EB0,56
sub_001D0EB0,0x001D0EB0,0x001D0F18,104
sub_001D0F18,0x001D0F18,0x001D10A8,400
sub_001D10A8,0x001D10A8,0x001D1410,872
sub_001D1410,0x001D1410,0x001D1500,240
sub_001D1500,0x001D1500,0x001D15B0,176
sub_001D15B0,0x001D15B0,0x001D16F0,320
sub_001D16F0,0x001D16F0,0x001D1D18,1576
sub_001D1D18,0x001D1D18,0x001D22F8,1504
sub_001D22F8,0x001D22F8,0x001D2340,72
sub_001D2340,0x001D2340,0x001D23F0,176
sub_001D23F0,0x001D23F0,0x001D2510,288
sub_001D2510,0x001D2510,0x001D2970,1120
sub_001D2970,0x001D2970,0x001D29F8,136
sub_001D29F8,0x001D29F8,0x001D2AD8,224
sub_001D2AD8,0x001D2AD8,0x001D2B50,120
sub_001D2B50,0x001D2B50,0x001D2BE8,152
sub_001D2BE8,0x001D2BE8,0x001D2CB0,200
sub_001D2CB0,0x001D2CB0,0x001D2D08,88
sub_001D2D08,0x001D2D08,0x001D2D28,32
sub_001D2D28,0x001D2D28,0x001D2FB0,648
sub_001D2FB0,0x001D2FB0,0x001D3050,160
sub_001D3050,0x001D3050,0x001D3100,176
sub_001D3100,0x001D3100,0x001D3228,296
sub_001D3228,0x001D3228,0x001D3258,48
sub_001D3258,0x001D3258,0x001D32C0,104
sub_001D32C0,0x001D32C0,0x001D3368,168
sub_001D3368,0x001D3368,0x001D3390,40
sub_001D3390,0x001D3390,0x001D35D0,576
sub_001D35D0,0x001D35D0,0x001D3E28,2136
sub_001D3E28,0x001D3E28,0x001D3ED8,176
sub_001D3ED8,0x001D3ED8,0x001D3EE0,8
sub_001D3EE0,0x001D3EE0,0x001D3FA0,192
sub_001D3FA0,0x001D3FA0,0x001D40A8,264
sub_001D40A8,0x001D40A8,0x001D40B0,8
sub_001D40B0,0x001D40B0,0x001D40F0,64
sub_001D40F0,0x001D40F0,0x001D4118,40
sub_001D4118,0x001D4118,0x001D4128,16
sub_001D4128,0x001D4128,0x001D41F8,208
sub_001D41F8,0x001D41F8,0x001D4230,56
sub_001D4230,0x001D4230,0x001D43C0,400
sub_001D43C0,0x001D43C0,0x001D43D0,16
sub_001D43D0,0x001D43D0,0x001D5108,3384
sub_001D5108,0x001D5108,0x001D5308,512
sub_001D5308,0x001D5308,0x001D5428,288
sub_001D5428,0x001D5428,0x001D5548,288
sub_001D5548,0x001D5548,0x001D5668,288
sub_001D5668,0x001D5668,0x001D56F0,136
sub_001D56F0,0x001D56F0,0x001D5A60,880
sub_001D5A60,0x001D5A60,0x001D5B50,240
sub_001D5B50,0x001D5B50,0x001D5C58,264
sub_001D5C58,0x001D5C58,0x001D5DA0,328
sub_001D5DA0,0x001D5DA0,0x001D5DF0,80
sub_001D5DF0,0x001D5DF0,0x001D5FB0,448
sub_001D5FB0,0x001D5FB0,0x001D6130,384
sub_001D6130,0x001D6130,0x001D6588,1112
sub_001D6588,0x001D6588,0x001D6AB8,1328
sub_001D6AB8,0x001D6AB8,0x001D6B40,136
sub_001D6B40,0x001D6B40,0x001D6BF0,176
sub_001D6BF0,0x001D6BF0,0x001D6CD0,224
sub_001D6CD0,0x001D6CD0,0x001D7250,1408
sub_001D7250,0x001D7250,0x001D7318,200
sub_001D7318,0x001D7318,0x001D7410,248
sub_001D7410,0x001D7410,0x001D7830,1056
sub_001D7830,0x001D7830,0x001D78B0,128
sub_001D78B0,0x001D78B0,0x001D7E38,1416
sub_001D7E38,0x001D7E38,0x001D7FD8,416
sub_001D7FD8,0x001D7FD8,0x001D8130,344
sub_001D8130,0x001D8130,0x001D85A8,1144
sub_001D85A8,0x001D85A8,0x001D86B8,272
sub_001D86B8,0x001D86B8,0x001D8700,72
sub_001D8700,0x001D8700,0x001D870C,12
sub_001D870C,0x001D870C,0x001D8718,12
sub_001D8718,0x001D8718,0x001D8724,12
sub_001D8724,0x001D8724,0x001D8730,12
sub_001D8730,0x001D8730,0x001D8760,48
sub_001D8760,0x001D8760,0x001D8768,8
sub_001D8768,0x001D8768,0x001D877C,20
sub_001D877C,0x001D877C,0x001D8788,12
sub_001D8788,0x001D8788,0x001D87BC,52
sub_001D87BC,0x001D87BC,0x001D87C8,12
sub_001D87C8,0x001D87C8,0x001D87D4,12
sub_001D87D4,0x001D87D4,0x001D87E0,12
sub_001D87E0,0x001D87E0,0x001D8800,32
sub_001D8800,0x001D8800,0x001D89F0,496
sub_001D89F0,0x001D89F0,0x001D8B40,336
sub_001D8B40,0x001D8B40,0x001D8BE8,168
sub_001D8BE8,0x001D8BE8,0x001D8C68,128
sub_001D8C68,0x001D8C68,0x001D8CB0,72
sub_001D8CB0,0x001D8CB0,0x001D8D28,120
sub_001D8D28,0x001D8D28,0x001D8EF8,464
sub_001D8EF8,0x001D8EF8,0x001D8FC8,208
sub_001D8FC8,0x001D8FC8,0x001D90F0,296
sub_001D90F0,0x001D90F0,0x001D93B0,704
sub_001D93B0,0x001D93B0,0x001D9478,200
sub_001D9478,0x001D9478,0x001D9750,728
sub_001D9750,0x001D9750,0x001D9E10,1728
sub_001D9E10,0x001D9E10,0x001D9E60,80
sub_001D9E60,0x001D9E60,0x001D9F30,208
sub_001D9F30,0x001D9F30,0x001D9F48,24
sub_001D9F48,0x001D9F48,0x001DA038,240
sub_001DA038,0x001DA038,0x001DA158,288
sub_001DA158,0x001DA158,0x001DA300,424
sub_001DA300,0x001DA300,0x001DA598,664
sub_001DA598,0x001DA598,0x001DA600,104
sub_001DA600,0x001DA600,0x001DA938,824
sub_001DA938,0x001DA938,0x001DA9F8,192
sub_001DA9F8,0x001DA9F8,0x001DAA10,24
sub_001DAA10,0x001DAA10,0x001DAA48,56
sub_001DAA48,0x001DAA48,0x001DABC8,384
sub_001DABC8,0x001DABC8,0x001DAF50,904
sub_001DAF50,0x001DAF50,0x001DB0F0,416
sub_001DB0F0,0x001DB0F0,0x001DB158,104
sub_001DB158,0x001DB158,0x001DB250,248
sub_001DB250,0x001DB250,0x001DB2F0,160
sub_001DB2F0,0x001DB2F0,0x001DB3D0,224
sub_001DB3D0,0x001DB3D0,0x001DB418,72
sub_001DB418,0x001DB418,0x001DB570,344
sub_001DB570,0x001DB570,0x001DB838,712
sub_001DB838,0x001DB838,0x001DBAB8,640
sub_001DBAB8,0x001DBAB8,0x001DBB88,208
sub_001DBB88,0x001DBB88,0x001DBBC0,56
sub_001DBBC0,0x001DBBC0,0x001DBC78,184
sub_001DBC78,0x001DBC78,0x001DBD38,192
sub_001DBD38,0x001DBD38,0x001DBD90,88
sub_001DBD90,0x001DBD90,0x001DBDE8,88
sub_001DBDE8,0x001DBDE8,0x001DBE98,176
sub_001DBE98,0x001DBE98,0x001DBF60,200
sub_001DBF60,0x001DBF60,0x001DC008,168
sub_001DC008,0x001DC008,0x001DC040,56
sub_001DC040,0x001DC040,0x001DC060,32
sub_001DC060,0x001DC060,0x001DC0E8,136
sub_001DC0E8,0x001DC0E8,0x001DC108,32
sub_001DC108,0x001DC108,0x001DC160,88
sub_001DC160,0x001DC160,0x001DC240,224
sub_001DC240,0x001DC240,0x001DC2B0,112
sub_001DC2B0,0x001DC2B0,0x001DC2C0,16
sub_001DC2C0,0x001DC2C0,0x001DC398,216
sub_001DC398,0x001DC398,0x001DC628,656
sub_001DC628,0x001DC628,0x001DCA78,1104
sub_001DCA78,0x001DCA78,0x001DCAB8,64
sub_001DCAB8,0x001DCAB8,0x001DCAE0,40
sub_001DCAE0,0x001DCAE0,0x001DCB38,88
sub_001DCB38,0x001DCB38,0x001DCB40,8
sub_001DCB40,0x001DCB40,0x001DCB80,64
sub_001DCB80,0x001DCB80,0x001DCBA8,40
sub_001DCBA8,0x001DCBA8,0x001DCD78,464
sub_001DCD78,0x001DCD78,0x001DCDC0,72
sub_001DCDC0,0x001DCDC0,0x001DCDD0,16
sub_001DCDD0,0x001DCDD0,0x001DCDF8,40
sub_001DCDF8,0x001DCDF8,0x001DCE40,72
sub_001DCE40,0x001DCE40,0x001DCF00,192
sub_001DCF00,0x001DCF00,0x001DD1E8,744
sub_001DD1E8,0x001DD1E8,0x001DD230,72
sub_001DD230,0x001DD230,0x001DD3B0,384
sub_001DD3B0,0x001DD3B0,0x001DD6B8,776
sub_001DD6B8,0x001DD6B8,0x001DD7B0,248
sub_001DD7B0,0x001DD7B0,0x001DD918,360
sub_001DD918,0x001DD918,0x001DDAF8,480
sub_001DDAF8,0x001DDAF8,0x001DDC50,344
sub_001DDC50,0x001DDC50,0x001DDCC0,112
sub_001DDCC0,0x001DDCC0,0x001DDD68,168
sub_001DDD68,0x001DDD68,0x001DDDD8,112
sub_001DDDD8,0x001DDDD8,0x001DDE68,144
sub_001DDE68,0x001DDE68,0x001DDFC0,344
sub_001DDFC0,0x001DDFC0,0x001DDFE8,40
sub_001DDFE8,0x001DDFE8,0x001DE520,1336
sub_001DE520,0x001DE520,0x001DE548,40
sub_001DE548,0x001DE548,0x001DE620,216
sub_001DE620,0x001DE620,0x001DE718,248
sub_001DE718,0x001DE718,0x001DE850,312
sub_001DE850,0x001DE850,0x001DE8E8,152
sub_001DE8E8,0x001DE8E8,0x001DEA98,432
sub_001DEA98,0x001DEA98,0x001DEAF0,88
sub_001DEAF0,0x001DEAF0,0x001DEB28,56
sub_001DEB28,0x001DEB28,0x001DEB80,88
sub_001DEB80,0x001DEB80,0x001DEC40,192
sub_001DEC40,0x001DEC40,0x001DECB0,112
sub_001DECB0,0x001DECB0,0x001DEE58,424
sub_001DEE58,0x001DEE58,0x001DF000,424
sub_001DF000,0x001DF000,0x001DF140,320
sub_001DF140,0x001DF140,0x001DF338,504
sub_001DF338,0x001DF338,0x001DF3E8,176
sub_001DF3E8,0x001DF3E8,0x001DF5E0,504
sub_001DF5E0,0x001DF5E0,0x001DF650,112
sub_001DF650,0x001DF650,0x001DF800,432
sub_001DF800,0x001DF800,0x001DF850,80
sub_001DF850,0x001DF850,0x001DFA00,432
sub_001DFA00,0x001DFA00,0x001DFBA8,424
sub_001DFBA8,0x001DFBA8,0x001DFD50,424
sub_001DFD50,0x001DFD50,0x001DFE00,176
sub_001DFE00,0x001DFE00,0x001DFE58,88
sub_001DFE58,0x001DFE58,0x001DFF68,272
sub_001DFF68,0x001DFF68,0x001E0530,1480
sub_001E0530,0x001E0530,0x001E07B0,640
sub_001E07B0,0x001E07B0,0x001E0870,192
sub_001E0870,0x001E0870,0x001E0A80,528
sub_001E0A80,0x001E0A80,0x001E0A98,24
sub_001E0A98,0x001E0A98,0x001E0BA0,264
sub_001E0BA0,0x001E0BA0,0x001E0BC0,32
sub_001E0BC0,0x001E0BC0,0x001E0C38,120
sub_001E0C38,0x001E0C38,0x001E0D40,264
sub_001E0D40,0x001E0D40,0x001E0E28,232
sub_001E0E28,0x001E0E28,0x001E0E98,112
sub_001E0E98,0x001E0E98,0x001E0EF8,96
sub_001E0EF8,0x001E0EF8,0x001E0F58,96
sub_001E0F58,0x001E0F58,0x001E0FB8,96
sub_001E0FB8,0x001E0FB8,0x001E1018,96
sub_001E1018,0x001E1018,0x001E1078,96
sub_001E1078,0x001E1078,0x001E1148,208
sub_001E1148,0x001E1148,0x001E11C0,120
sub_001E11C0,0x001E11C0,0x001E1238,120
sub_001E1238,0x001E1238,0x001E12C8,144
sub_001E12C8,0x001E12C8,0x001E1308,64
sub_001E1308,0x001E1308,0x001E1370,104
sub_001E1370,0x001E1370,0x001E1430,192
sub_001E1430,0x001E1430,0x001E1548,280
sub_001E1548,0x001E1548,0x001E1A28,1248
sub_001E1A28,0x001E1A28,0x001E1CF8,720
sub_001E1CF8,0x001E1CF8,0x001E2220,1320
sub_001E2220,0x001E2220,0x001E2368,328
sub_001E2368,0x001E2368,0x001E26E0,888
sub_001E26E0,0x001E26E0,0x001E2AF8,1048
sub_001E2AF8,0x001E2AF8,0x001E2EC8,976
sub_001E2EC8,0x001E2EC8,0x001E3AF8,3120
sub_001E3AF8,0x001E3AF8,0x001E3C28,304
sub_001E3C28,0x001E3C28,0x001E4838,3088
sub_001E4838,0x001E4838,0x001E4A80,584
sub_001E4A80,0x001E4A80,0x001E4C20,416
sub_001E4C20,0x001E4C20,0x001E4EB8,664
sub_001E4EB8,0x001E4EB8,0x001E51C8,784
sub_001E51C8,0x001E51C8,0x001E53D8,528
sub_001E53D8,0x001E53D8,0x001E5428,80
sub_001E5428,0x001E5428,0x001E54C8,160
sub_001E54C8,0x001E54C8,0x001E5530,104
sub_001E5530,0x001E5530,0x001E5690,352
sub_001E5690,0x001E5690,0x001E5AB0,1056
sub_001E5AB0,0x001E5AB0,0x001E5B50,160
sub_001E5B50,0x001E5B50,0x001E5B90,64
sub_001E5B90,0x001E5B90,0x001E5C40,176
sub_001E5C40,0x001E5C40,0x001E5D30,240
sub_001E5D30,0x001E5D30,0x001E5E88,344
sub_001E5E88,0x001E5E88,0x001E5F88,256
sub_001E5F88,0x001E5F88,0x001E6020,152
sub_001E6020,0x001E6020,0x001E6060,64
sub_001E6060,0x001E6060,0x001E6088,40
sub_001E6088,0x001E6088,0x001E60E0,88
sub_001E60E0,0x001E60E0,0x001E6120,64
sub_001E6120,0x001E6120,0x001E6148,40
sub_001E6148,0x001E6148,0x001E61A0,88
sub_001E61A0,0x001E61A0,0x001E6238,152
sub_001E6238,0x001E6238,0x001E6760,1320
sub_001E6760,0x001E6760,0x001E6988,552
sub_001E6988,0x001E6988,0x001E6A00,120
sub_001E6A00,0x001E6A00,0x001E6A38,56
sub_001E6A38,0x001E6A38,0x001E6CD8,672
sub_001E6CD8,0x001E6CD8,0x001E6E18,320
sub_001E6E18,0x001E6E18,0x001E6E58,64
sub_001E6E58,0x001E6E58,0x001E6F78,288
sub_001E6F78,0x001E6F78,0x001E6F98,32
sub_001E6F98,0x001E6F98,0x001E6FD8,64
sub_001E6FD8,0x001E6FD8,0x001E7268,656
sub_001E7268,0x001E7268,0x001E72F0,136
sub_001E72F0,0x001E72F0,0x001E7338,72
sub_001E7338,0x001E7338,0x001E7368,48
sub_001E7368,0x001E7368,0x001E7398,48
sub_001E7398,0x001E7398,0x001E74C0,296
sub_001E74C0,0x001E74C0,0x001E7550,144
sub_001E7550,0x001E7550,0x001E7660,272
sub_001E7660,0x001E7660,0x001E7D08,1704
sub_001E7D08,0x001E7D08,0x001E7DA8,160
sub_001E7DA8,0x001E7DA8,0x001E7F40,408
sub_001E7F40,0x001E7F40,0x001E8088,328
sub_001E8088,0x001E8088,0x001E83C8,832
sub_001E83C8,0x001E83C8,0x001E8478,176
sub_001E8478,0x001E8478,0x001E8728,688
sub_001E8728,0x001E8728,0x001E88B8,400
sub_001E88B8,0x001E88B8,0x001E8BD8,800
sub_001E8BD8,0x001E8BD8,0x001E8D00,296
sub_001E8D00,0x001E8D00,0x001E8E08,264
sub_001E8E08,0x001E8E08,0x001E8ED0,200
sub_001E8ED0,0x001E8ED0,0x001E8FB0,224
sub_001E8FB0,0x001E8FB0,0x001E9648,1688
sub_001E9648,0x001E9648,0x001E9A38,1008
sub_001E9A38,0x001E9A38,0x001EA0B8,1664
sub_001EA0B8,0x001EA0B8,0x001EA310,600
sub_001EA310,0x001EA310,0x001EA820,1296
sub_001EA820,0x001EA820,0x001EB1C0,2464
sub_001EB1C0,0x001EB1C0,0x001EC6E0,5408
sub_001EC6E0,0x001EC6E0,0x001EC748,104
sub_001EC748,0x001EC748,0x001EC830,232
sub_001EC830,0x001EC830,0x001EC8B8,136
sub_001EC8B8,0x001EC8B8,0x001ECC38,896
sub_001ECC38,0x001ECC38,0x001ECDD0,408
sub_001ECDD0,0x001ECDD0,0x001ECE40,112
sub_001ECE40,0x001ECE40,0x001ECE70,48
sub_001ECE70,0x001ECE70,0x001ECE78,8
sub_001ECE78,0x001ECE78,0x001ECEB8,64
sub_001ECEB8,0x001ECEB8,0x001ECEE0,40
sub_001ECEE0,0x001ECEE0,0x001ECF58,120
sub_001ECF58,0x001ECF58,0x001ECF60,8
sub_001ECF60,0x001ECF60,0x001ECF70,16
sub_001ECF70,0x001ECF70,0x001ED018,168
sub_001ED018,0x001ED018,0x001ED208,496
sub_001ED208,0x001ED208,0x001ED390,392
sub_001ED390,0x001ED390,0x001ED688,760
sub_001ED688,0x001ED688,0x001ED7F8,368
sub_001ED7F8,0x001ED7F8,0x001ED828,48
sub_001ED828,0x001ED828,0x001ED880,88
sub_001ED880,0x001ED880,0x001ED930,176
sub_001ED930,0x001ED930,0x001ED958,40
sub_001ED958,0x001ED958,0x001EDA20,200
sub_001EDA20,0x001EDA20,0x001EDAA0,128
sub_001EDAA0,0x001EDAA0,0x001EDB78,216
sub_001EDB78,0x001EDB78,0x001EDB88,16
sub_001EDB88,0x001EDB88,0x001EDB98,16
sub_001EDB98,0x001EDB98,0x001EDBA8,16
sub_001EDBA8,0x001EDBA8,0x001EDC78,208
sub_001EDC78,0x001EDC78,0x001EDD28,176
sub_001EDD28,0x001EDD28,0x001EE2D0,1448
sub_001EE2D0,0x001EE2D0,0x001EE3E8,280
sub_001EE3E8,0x001EE3E8,0x001EE488,160
sub_001EE488,0x001EE488,0x001EE4A0,24
sub_001EE4A0,0x001EE4A0,0x001EE4C0,32
sub_001EE4C0,0x001EE4C0,0x001EE738,632
sub_001EE738,0x001EE738,0x001EE758,32
sub_001EE758,0x001EE758,0x001EE838,224
sub_001EE838,0x001EE838,0x001EEA68,560
sub_001EEA68,0x001EEA68,0x001EEFD8,1392
sub_001EEFD8,0x001EEFD8,0x001EF0E0,264
sub_001EF0E0,0x001EF0E0,0x001EF1F0,272
sub_001EF1F0,0x001EF1F0,0x001EF2D8,232
sub_001EF2D8,0x001EF2D8,0x001EF678,928
sub_001EF678,0x001EF678,0x001EF6A8,48
sub_001EF6A8,0x001EF6A8,0x001EFD50,1704
sub_001EFD50,0x001EFD50,0x001EFD88,56
sub_001EFD88,0x001EFD88,0x001EFE10,136
sub_001EFE10,0x001EFE10,0x001EFE60,80
sub_001EFE60,0x001EFE60,0x001EFE70,16
sub_001EFE70,0x001EFE70,0x001EFE78,8
sub_001EFE78,0x001EFE78,0x001F0080,520
sub_001F0080,0x001F0080,0x001F0148,200
sub_001F0148,0x001F0148,0x001F0210,200
sub_001F0210,0x001F0210,0x001F02C0,176
sub_001F02C0,0x001F02C0,0x001F0328,104
sub_001F0328,0x001F0328,0x001F0448,288
sub_001F0448,0x001F0448,0x001F0500,184
sub_001F0500,0x001F0500,0x001F0550,80
sub_001F0550,0x001F0550,0x001F05E8,152
sub_001F05E8,0x001F05E8,0x001F06C8,224
sub_001F06C8,0x001F06C8,0x001F0738,112
sub_001F0738,0x001F0738,0x001F0A90,856
sub_001F0A90,0x001F0A90,0x001F0E18,904
sub_001F0E18,0x001F0E18,0x001F0EE8,208
sub_001F0EE8,0x001F0EE8,0x001F1538,1616
sub_001F1538,0x001F1538,0x001F1908,976
sub_001F1908,0x001F1908,0x001F1948,64
sub_001F1948,0x001F1948,0x001F1A38,240
sub_001F1A38,0x001F1A38,0x001F1A80,72
sub_001F1A80,0x001F1A80,0x001F1AB8,56
sub_001F1AB8,0x001F1AB8,0x001F1B30,120
sub_001F1B30,0x001F1B30,0x001F1C98,360
sub_001F1C98,0x001F1C98,0x001F1DE8,336
sub_001F1DE8,0x001F1DE8,0x001F2BB0,3528
sub_001F2BB0,0x001F2BB0,0x001F2E80,720
sub_001F2E80,0x001F2E80,0x001F3008,392
sub_001F3008,0x001F3008,0x001F30D8,208
sub_001F30D8,0x001F30D8,0x001F3390,696
sub_001F3390,0x001F3390,0x001F33C0,48
sub_001F33C0,0x001F33C0,0x001F3488,200
sub_001F3488,0x001F3488,0x001F34B0,40
sub_001F34B0,0x001F34B0,0x001F34F8,72
sub_001F34F8,0x001F34F8,0x001F3578,128
sub_001F3578,0x001F3578,0x001F3580,8
sub_001F3580,0x001F3580,0x001F37C8,584
sub_001F37C8,0x001F37C8,0x001F38B0,232
sub_001F38B0,0x001F38B0,0x001F38E0,48
sub_001F38E0,0x001F38E0,0x001F38E8,8
sub_001F38E8,0x001F38E8,0x001F3948,96
sub_001F3948,0x001F3948,0x001F39A8,96
sub_001F39A8,0x001F39A8,0x001F3A80,216
sub_001F3A80,0x001F3A80,0x001F3B18,152
sub_001F3B18,0x001F3B18,0x001F3C80,360
sub_001F3C80,0x001F3C80,0x001F3C88,8
sub_001F3C88,0x001F3C88,0x001F3CC8,64
sub_001F3CC8,0x001F3CC8,0x001F3CF0,40
sub_001F3CF0,0x001F3CF0,0x001F3CF8,8
sub_001F3CF8,0x001F3CF8,0x001F3D38,64
sub_001F3D38,0x001F3D38,0x001F3D60,40
sub_001F3D60,0x001F3D60,0x001F3D68,8
sub_001F3D68,0x001F3D68,0x001F3DA8,64
sub_001F3DA8,0x001F3DA8,0x001F3DD0,40
sub_001F3DD0,0x001F3DD0,0x001F3DD8,8
sub_001F3DD8,0x001F3DD8,0x001F3E18,64
sub_001F3E18,0x001F3E18,0x001F3E40,40
sub_001F3E40,0x001F3E40,0x001F3F40,256
sub_001F3F40,0x001F3F40,0x001F3F70,48
sub_001F3F70,0x001F3F70,0x001F3F80,16
sub_001F3F80,0x001F3F80,0x001F3FD8,88
sub_001F3FD8,0x001F3FD8,0x001F41A0,456
sub_001F41A0,0x001F41A0,0x001F41F8,88
sub_001F41F8,0x001F41F8,0x001F4308,272
sub_001F4308,0x001F4308,0x001F4310,8
sub_001F4310,0x001F4310,0x001F4408,248
sub_001F4408,0x001F4408,0x001F4640,568
sub_001F4640,0x001F4640,0x001F46A0,96
sub_001F46A0,0x001F46A0,0x001F4770,208
sub_001F4770,0x001F4770,0x001F47C8,88
sub_001F47C8,0x001F47C8,0x001F47E0,24
sub_001F47E0,0x001F47E0,0x001F4848,104
sub_001F4848,0x001F4848,0x001F4C98,1104
sub_001F4C98,0x001F4C98,0x001F4DE8,336
sub_001F4DE8,0x001F4DE8,0x001F4F00,280
sub_001F4F00,0x001F4F00,0x001F4F58,88
sub_001F4F58,0x001F4F58,0x001F5078,288
sub_001F5078,0x001F5078,0x001F50A0,40
sub_001F50A0,0x001F50A0,0x001F5730,1680
sub_001F5730,0x001F5730,0x001F5858,296
sub_001F5858,0x001F5858,0x001F5878,32
sub_001F5878,0x001F5878,0x001F5C08,912
sub_001F5C08,0x001F5C08,0x001F62E8,1760
sub_001F62E8,0x001F62E8,0x001F6328,64
sub_001F6328,0x001F6328,0x001F6350,40
sub_001F6350,0x001F6350,0x001F63A8,88
sub_001F63A8,0x001F63A8,0x001F63E8,64
sub_001F63E8,0x001F63E8,0x001F6410,40
sub_001F6410,0x001F6410,0x001F6558,328
sub_001F6558,0x001F6558,0x001F6850,760
sub_001F6850,0x001F6850,0x001F6FE0,1936
sub_001F6FE0,0x001F6FE0,0x001F7078,152
sub_001F7078,0x001F7078,0x001F7230,440
sub_001F7230,0x001F7230,0x001F7290,96
sub_001F7290,0x001F7290,0x001F7378,232
sub_001F7378,0x001F7378,0x001F7380,8
sub_001F7380,0x001F7380,0x001F73A0,32
sub_001F73A0,0x001F73A0,0x001F73C8,40
sub_001F73C8,0x001F73C8,0x001F7540,376
sub_001F7540,0x001F7540,0x001F7598,88
sub_001F7598,0x001F7598,0x001F7748,432
sub_001F7748,0x001F7748,0x001F7948,512
sub_001F7948,0x001F7948,0x001F7978,48
sub_001F7978,0x001F7978,0x001F79C0,72
sub_001F79C0,0x001F79C0,0x001F79F0,48
sub_001F79F0,0x001F79F0,0x001F7BA8,440
sub_001F7BA8,0x001F7BA8,0x001F7DD8,560
sub_001F7DD8,0x001F7DD8,0x001F8638,2144
sub_001F8638,0x001F8638,0x001F86C0,136
sub_001F86C0,0x001F86C0,0x001F87D8,280
sub_001F87D8,0x001F87D8,0x001F8998,448
sub_001F8998,0x001F8998,0x001F8FC8,1584
sub_001F8FC8,0x001F8FC8,0x001F9080,184
sub_001F9080,0x001F9080,0x001F99F8,2424
sub_001F99F8,0x001F99F8,0x001F9B08,272
sub_001F9B08,0x001F9B08,0x001F9DE8,736
sub_001F9DE8,0x001F9DE8,0x001F9E20,56
sub_001F9E20,0x001F9E20,0x001F9E58,56
sub_001F9E58,0x001F9E58,0x001FA388,1328
sub_001FA388,0x001FA388,0x001FA410,136
sub_001FA410,0x001FA410,0x001FA8A8,1176
sub_001FA8A8,0x001FA8A8,0x001FB4B8,3088
sub_001FB4B8,0x001FB4B8,0x001FBCB8,2048
sub_001FBCB8,0x001FBCB8,0x001FCD48,4240
sub_001FCD48,0x001FCD48,0x001FCE40,248
sub_001FCE40,0x001FCE40,0x001FCE50,16
sub_001FCE50,0x001FCE50,0x001FCF30,224
sub_001FCF30,0x001FCF30,0x001FCF60,48
sub_001FCF60,0x001FCF60,0x001FD0C8,360
sub_001FD0C8,0x001FD0C8,0x001FD0F0,40
sub_001FD0F0,0x001FD0F0,0x001FD1A0,176
sub_001FD1A0,0x001FD1A0,0x001FD1E0,64
sub_001FD1E0,0x001FD1E0,0x001FD208,40
sub_001FD208,0x001FD208,0x001FD260,88
sub_001FD260,0x001FD260,0x001FD2A0,64
sub_001FD2A0,0x001FD2A0,0x001FD2C8,40
sub_001FD2C8,0x001FD2C8,0x001FD320,88
sub_001FD320,0x001FD320,0x001FD340,32
sub_001FD340,0x001FD340,0x001FD4C8,392
sub_001FD4C8,0x001FD4C8,0x001FD6B8,496
sub_001FD6B8,0x001FD6B8,0x001FD6F8,64
sub_001FD6F8,0x001FD6F8,0x001FD7E8,240
sub_001FD7E8,0x001FD7E8,0x001FD8D8,240
sub_001FD8D8,0x001FD8D8,0x001FD960,136
sub_001FD960,0x001FD960,0x001FDFF8,1688
sub_001FDFF8,0x001FDFF8,0x001FE048,80
sub_001FE048,0x001FE048,0x001FE098,80
sub_001FE098,0x001FE098,0x001FE0D0,56
sub_001FE0D0,0x001FE0D0,0x001FE0D8,8
sub_001FE0D8,0x001FE0D8,0x001FE158,128
sub_001FE158,0x001FE158,0x001FE260,264
sub_001FE260,0x001FE260,0x001FE4F0,656
sub_001FE4F0,0x001FE4F0,0x001FE690,416
sub_001FE690,0x001FE690,0x001FE740,176
sub_001FE740,0x001FE740,0x001FE828,232
sub_001FE828,0x001FE828,0x001FED48,1312
sub_001FED48,0x001FED48,0x001FEE90,328
sub_001FEE90,0x001FEE90,0x001FEFE0,336
sub_001FEFE0,0x001FEFE0,0x001FF090,176
sub_001FF090,0x001FF090,0x001FF158,200
sub_001FF158,0x001FF158,0x001FF340,488
sub_001FF340,0x001FF340,0x001FF380,64
sub_001FF380,0x001FF380,0x001FF3A8,40
sub_001FF3A8,0x001FF3A8,0x001FF400,88
sub_001FF400,0x001FF400,0x001FF448,72
sub_001FF448,0x001FF448,0x001FF4A8,96
sub_001FF4A8,0x001FF4A8,0x001FF508,96
sub_001FF508,0x001FF508,0x001FF540,56
sub_001FF540,0x001FF540,0x001FF578,56
sub_001FF578,0x001FF578,0x001FF5C8,80
sub_001FF5C8,0x001FF5C8,0x001FF608,64
sub_001FF608,0x001FF608,0x001FF630,40
sub_001FF630,0x001FF630,0x001FF688,88
sub_001FF688,0x001FF688,0x001FF6B0,40
sub_001FF6B0,0x001FF6B0,0x001FF7C0,272
sub_001FF7C0,0x001FF7C0,0x001FFAD0,784
sub_001FFAD0,0x001FFAD0,0x001FFBF0,288
sub_001FFBF0,0x001FFBF0,0x001FFDE8,504
sub_001FFDE8,0x001FFDE8,0x001FFE28,64
sub_001FFE28,0x001FFE28,0x001FFE50,40
sub_001FFE50,0x001FFE50,0x001FFEA8,88
sub_001FFEA8,0x001FFEA8,0x001FFFA0,248
sub_001FFFA0,0x001FFFA0,0x001FFFE0,64
sub_001FFFE0,0x001FFFE0,0x00200008,40
sub_00200008,0x00200008,0x00200060,88
sub_00200060,0x00200060,0x00200068,8
sub_00200068,0x00200068,0x002000A8,64
sub_002000A8,0x002000A8,0x002000D0,40
sub_002000D0,0x002000D0,0x00200310,576
sub_00200310,0x00200310,0x00200408,248
sub_00200408,0x00200408,0x00200418,16
sub_00200418,0x00200418,0x002004E0,200
sub_002004E0,0x002004E0,0x00200530,80
sub_00200530,0x00200530,0x00200568,56
sub_00200568,0x00200568,0x00200598,48
sub_00200598,0x00200598,0x002005C8,48
sub_002005C8,0x002005C8,0x00200988,960
sub_00200988,0x00200988,0x00200A10,136
sub_00200A10,0x00200A10,0x00200B48,312
sub_00200B48,0x00200B48,0x00200BC8,128
sub_00200BC8,0x00200BC8,0x00200C18,80
sub_00200C18,0x00200C18,0x00200D60,328
sub_00200D60,0x00200D60,0x00200D88,40
sub_00200D88,0x00200D88,0x00200DB0,40
sub_00200DB0,0x00200DB0,0x00200E08,88
sub_00200E08,0x00200E08,0x00200E18,16
sub_00200E18,0x00200E18,0x00200E60,72
sub_00200E60,0x00200E60,0x00201018,440
sub_00201018,0x00201018,0x002010D0,184
sub_002010D0,0x002010D0,0x00201230,352
sub_00201230,0x00201230,0x00201380,336
sub_00201380,0x00201380,0x00201408,136
sub_00201408,0x00201408,0x00201458,80
sub_00201458,0x00201458,0x002014A0,72
sub_002014A0,0x002014A0,0x002014D8,56
sub_002014D8,0x002014D8,0x00201500,40
sub_00201500,0x00201500,0x00201550,80
sub_00201550,0x00201550,0x00201598,72
sub_00201598,0x00201598,0x002015E8,80
sub_002015E8,0x002015E8,0x00201648,96
sub_00201648,0x00201648,0x002016A0,88
sub_002016A0,0x002016A0,0x002018F8,600
sub_002018F8,0x002018F8,0x00201930,56
sub_00201930,0x00201930,0x002019B8,136
sub_002019B8,0x002019B8,0x002019D0,24
sub_002019D0,0x002019D0,0x002019D8,8
sub_002019D8,0x002019D8,0x00201A18,64
sub_00201A18,0x00201A18,0x00201A40,40
sub_00201A40,0x00201A40,0x00201A48,8
sub_00201A48,0x00201A48,0x00201A88,64
sub_00201A88,0x00201A88,0x00201AB0,40
sub_00201AB0,0x00201AB0,0x00201AF0,64
sub_00201AF0,0x00201AF0,0x00201B18,40
sub_00201B18,0x00201B18,0x00201B70,88
sub_00201B70,0x00201B70,0x00201BE8,120
sub_00201BE8,0x00201BE8,0x00201C08,32
sub_00201C08,0x00201C08,0x00201C40,56
sub_00201C40,0x00201C40,0x00201CC0,128
sub_00201CC0,0x00201CC0,0x00201F30,624
sub_00201F30,0x00201F30,0x00201F88,88
sub_00201F88,0x00201F88,0x00201FF8,112
sub_00201FF8,0x00201FF8,0x00202060,104
sub_00202060,0x00202060,0x002020D8,120
sub_002020D8,0x002020D8,0x00202150,120
sub_00202150,0x00202150,0x00202178,40
sub_00202178,0x00202178,0x002021F8,128
sub_002021F8,0x002021F8,0x00202278,128
sub_00202278,0x00202278,0x002022B8,64
sub_002022B8,0x002022B8,0x002023C0,264
sub_002023C0,0x002023C0,0x00202510,336
sub_00202510,0x00202510,0x002025A8,152
sub_002025A8,0x002025A8,0x002026A0,248
sub_002026A0,0x002026A0,0x00202718,120
sub_00202718,0x00202718,0x00202CE8,1488
sub_00202CE8,0x00202CE8,0x00202E38,336
sub_00202E38,0x00202E38,0x00202EE0,168
sub_00202EE0,0x00202EE0,0x00202F48,104
sub_00202F48,0x00202F48,0x002038B0,2408
sub_002038B0,0x002038B0,0x002039A8,248
sub_002039A8,0x002039A8,0x00203A10,104
sub_00203A10,0x00203A10,0x00203AE8,216
sub_00203AE8,0x00203AE8,0x00203DF8,784
sub_00203DF8,0x00203DF8,0x00203F08,272
sub_00203F08,0x00203F08,0x00203F90,136
sub_00203F90,0x00203F90,0x00204048,184
sub_00204048,0x00204048,0x00204530,1256
sub_00204530,0x00204530,0x002045E8,184
sub_002045E8,0x002045E8,0x002046D8,240
sub_002046D8,0x002046D8,0x002048F8,544
sub_002048F8,0x002048F8,0x00204DC0,1224
sub_00204DC0,0x00204DC0,0x00205410,1616
sub_00205410,0x00205410,0x00205488,120
sub_00205488,0x00205488,0x002065C0,4408
sub_002065C0,0x002065C0,0x00206810,592
sub_00206810,0x00206810,0x00206860,80
sub_00206860,0x00206860,0x00206910,176
sub_00206910,0x00206910,0x00206968,88
sub_00206968,0x00206968,0x002069E8,128
sub_002069E8,0x002069E8,0x00206A70,136
sub_00206A70,0x00206A70,0x00206BF8,392
sub_00206BF8,0x00206BF8,0x00206F98,928
sub_00206F98,0x00206F98,0x00207078,224
sub_00207078,0x00207078,0x00207110,152
sub_00207110,0x00207110,0x00207178,104
sub_00207178,0x00207178,0x002071E8,112
sub_002071E8,0x002071E8,0x00207220,56
sub_00207220,0x00207220,0x002072A0,128
sub_002072A0,0x002072A0,0x002079D8,1848
sub_002079D8,0x002079D8,0x00207EF8,1312
sub_00207EF8,0x00207EF8,0x00208518,1568
sub_00208518,0x00208518,0x002087D8,704
sub_002087D8,0x002087D8,0x00208830,88
sub_00208830,0x00208830,0x00208860,48
sub_00208860,0x00208860,0x002088E8,136
sub_002088E8,0x002088E8,0x00208D78,1168
sub_00208D78,0x00208D78,0x00208F10,408
sub_00208F10,0x00208F10,0x002090B0,416
sub_002090B0,0x002090B0,0x002090D8,40
sub_002090D8,0x002090D8,0x00209100,40
sub_00209100,0x00209100,0x00209120,32
sub_00209120,0x00209120,0x00209140,32
sub_00209140,0x00209140,0x00209160,32
sub_00209160,0x00209160,0x002092B8,344
sub_002092B8,0x002092B8,0x002092E8,48
sub_002092E8,0x002092E8,0x002093B8,208
sub_002093B8,0x002093B8,0x002093D0,24
sub_002093D0,0x002093D0,0x002093F0,32
sub_002093F0,0x002093F0,0x00209480,144
sub_00209480,0x00209480,0x002097A0,800
sub_002097A0,0x002097A0,0x00209828,136
sub_00209828,0x00209828,0x00209890,104
sub_00209890,0x00209890,0x002098F8,104
sub_002098F8,0x002098F8,0x002099C8,208
sub_002099C8,0x002099C8,0x00209AB0,232
sub_00209AB0,0x00209AB0,0x00209B78,200
sub_00209B78,0x00209B78,0x00209C60,232
sub_00209C60,0x00209C60,0x00209D18,184
sub_00209D18,0x00209D18,0x00209E00,232
sub_00209E00,0x00209E00,0x00209EB8,184
sub_00209EB8,0x00209EB8,0x00209EC0,8
sub_00209EC0,0x00209EC0,0x00209F00,64
sub_00209F00,0x00209F00,0x00209F28,40
sub_00209F28,0x00209F28,0x00209FC0,152
sub_00209FC0,0x00209FC0,0x0020A010,80
sub_0020A010,0x0020A010,0x0020A040,48
sub_0020A040,0x0020A040,0x0020A0D8,152
sub_0020A0D8,0x0020A0D8,0x0020A250,376
sub_0020A250,0x0020A250,0x0020A2F0,160
sub_0020A2F0,0x0020A2F0,0x0020A390,160
sub_0020A390,0x0020A390,0x0020A498,264
sub_0020A498,0x0020A498,0x0020ACD0,2104
sub_0020ACD0,0x0020ACD0,0x0020AEC0,496
sub_0020AEC0,0x0020AEC0,0x0020B410,1360
sub_0020B410,0x0020B410,0x0020B610,512
sub_0020B610,0x0020B610,0x0020BD48,1848
sub_0020BD48,0x0020BD48,0x0020C1A0,1112
sub_0020C1A0,0x0020C1A0,0x0020C200,96
sub_0020C200,0x0020C200,0x0020C220,32
sub_0020C220,0x0020C220,0x0020C248,40
sub_0020C248,0x0020C248,0x0020C298,80
sub_0020C298,0x0020C298,0x0020C2A0,8
sub_0020C2A0,0x0020C2A0,0x0020C2E0,64
sub_0020C2E0,0x0020C2E0,0x0020C308,40
sub_0020C308,0x0020C308,0x0020C338,48
sub_0020C338,0x0020C338,0x0020C458,288
sub_0020C458,0x0020C458,0x0020C4D0,120
sub_0020C4D0,0x0020C4D0,0x0020C538,104
sub_0020C538,0x0020C538,0x0020C618,224
sub_0020C618,0x0020C618,0x0020C680,104
sub_0020C680,0x0020C680,0x0020C720,160
sub_0020C720,0x0020C720,0x0020C830,272
sub_0020C830,0x0020C830,0x0020C950,288
sub_0020C950,0x0020C950,0x0020CAB0,352
sub_0020CAB0,0x0020CAB0,0x0020CC50,416
sub_0020CC50,0x0020CC50,0x0020CDC0,368
sub_0020CDC0,0x0020CDC0,0x0020CDE8,40
sub_0020CDE8,0x0020CDE8,0x0020CEB0,200
sub_0020CEB0,0x0020CEB0,0x0020CF08,88
sub_0020CF08,0x0020CF08,0x0020CF30,40
sub_0020CF30,0x0020CF30,0x0020CF98,104
sub_0020CF98,0x0020CF98,0x0020D280,744
sub_0020D280,0x0020D280,0x0020D350,208
sub_0020D350,0x0020D350,0x0020D420,208
sub_0020D420,0x0020D420,0x0020D530,272
sub_0020D530,0x0020D530,0x0020D8B0,896
sub_0020D8B0,0x0020D8B0,0x0020DB68,696
sub_0020DB68,0x0020DB68,0x0020DB88,32
sub_0020DB88,0x0020DB88,0x0020DC80,248
sub_0020DC80,0x0020DC80,0x0020DCF8,120
sub_0020DCF8,0x0020DCF8,0x0020DD58,96
sub_0020DD58,0x0020DD58,0x0020DDA8,80
sub_0020DDA8,0x0020DDA8,0x0020DDE8,64
sub_0020DDE8,0x0020DDE8,0x0020DDF0,8
sub_0020DDF0,0x0020DDF0,0x0020ED98,4008
sub_0020ED98,0x0020ED98,0x0020EDD8,64
sub_0020EDD8,0x0020EDD8,0x0020EE00,40
sub_0020EE00,0x0020EE00,0x0020EE58,88
sub_0020EE58,0x0020EE58,0x0020EF68,272
sub_0020EF68,0x0020EF68,0x0020EFF8,144
sub_0020EFF8,0x0020EFF8,0x0020F540,1352
sub_0020F540,0x0020F540,0x0020F648,264
sub_0020F648,0x0020F648,0x0020F7E0,408
sub_0020F7E0,0x0020F7E0,0x0020F878,152
sub_0020F878,0x0020F878,0x0020F990,280
sub_0020F990,0x0020F990,0x0020F9E0,80
sub_0020F9E0,0x0020F9E0,0x0020FA00,32
sub_0020FA00,0x0020FA00,0x0020FA20,32
sub_0020FA20,0x0020FA20,0x0020FA40,32
sub_0020FA40,0x0020FA40,0x0020FA60,32
sub_0020FA60,0x0020FA60,0x0020FC10,432
sub_0020FC10,0x0020FC10,0x0020FCC8,184
sub_0020FCC8,0x0020FCC8,0x0020FF48,640
sub_0020FF48,0x0020FF48,0x00210228,736
sub_00210228,0x00210228,0x00210C40,2584
sub_00210C40,0x00210C40,0x00210D48,264
sub_00210D48,0x00210D48,0x00210E08,192
sub_00210E08,0x00210E08,0x00210E70,104
sub_00210E70,0x00210E70,0x00211228,952
sub_00211228,0x00211228,0x002112C0,152
sub_002112C0,0x002112C0,0x00211370,176
sub_00211370,0x00211370,0x00211528,440
sub_00211528,0x00211528,0x00211530,8
sub_00211530,0x00211530,0x002117F8,712
sub_002117F8,0x002117F8,0x00211C10,1048
sub_00211C10,0x00211C10,0x00211DF8,488
sub_00211DF8,0x00211DF8,0x00212900,2824
sub_00212900,0x00212900,0x00212908,8
sub_00212908,0x00212908,0x00212948,64
sub_00212948,0x00212948,0x00212970,40
sub_00212970,0x00212970,0x002129B0,64
sub_002129B0,0x002129B0,0x002129D8,40
sub_002129D8,0x002129D8,0x00212A30,88
sub_00212A30,0x00212A30,0x00212DE0,944
sub_00212DE0,0x00212DE0,0x00212E90,176
sub_00212E90,0x00212E90,0x00212E98,8
sub_00212E98,0x00212E98,0x00212F58,192
sub_00212F58,0x00212F58,0x00212F88,48
sub_00212F88,0x00212F88,0x00213068,224
sub_00213068,0x00213068,0x00213290,552
sub_00213290,0x00213290,0x002132C0,48
sub_002132C0,0x002132C0,0x002132F0,48
sub_002132F0,0x002132F0,0x00213378,136
sub_00213378,0x00213378,0x002133F0,120
sub_002133F0,0x002133F0,0x002134B0,192
sub_002134B0,0x002134B0,0x002134B8,8
sub_002134B8,0x002134B8,0x002135E0,296
sub_002135E0,0x002135E0,0x00213860,640
sub_00213860,0x00213860,0x00214340,2784
sub_00214340,0x00214340,0x00214348,8
sub_00214348,0x00214348,0x00214388,64
sub_00214388,0x00214388,0x002143B0,40
sub_002143B0,0x002143B0,0x002143F0,64
sub_002143F0,0x002143F0,0x00214418,40
sub_00214418,0x00214418,0x00214470,88
sub_00214470,0x00214470,0x00214728,696
sub_00214728,0x00214728,0x00214798,112
sub_00214798,0x00214798,0x002147A0,8
sub_002147A0,0x002147A0,0x00214860,192
sub_00214860,0x00214860,0x00214890,48
sub_00214890,0x00214890,0x00214958,200
sub_00214958,0x00214958,0x00214B58,512
sub_00214B58,0x00214B58,0x00214C50,248
sub_00214C50,0x00214C50,0x00214C88,56
sub_00214C88,0x00214C88,0x00214D10,136
sub_00214D10,0x00214D10,0x00214D88,120
sub_00214D88,0x00214D88,0x00214E48,192
sub_00214E48,0x00214E48,0x00214E50,8
sub_00214E50,0x00214E50,0x00214F50,256
sub_00214F50,0x00214F50,0x00215010,192
sub_00215010,0x00215010,0x00215200,496
sub_00215200,0x00215200,0x00215250,80
sub_00215250,0x00215250,0x00215760,1296
sub_00215760,0x00215760,0x00215768,8
sub_00215768,0x00215768,0x002157A8,64
sub_002157A8,0x002157A8,0x002157D0,40
sub_002157D0,0x002157D0,0x00215BE8,1048
sub_00215BE8,0x00215BE8,0x00215CA0,184
sub_00215CA0,0x00215CA0,0x00215CB0,16
sub_00215CB0,0x00215CB0,0x00215CB8,8
sub_00215CB8,0x00215CB8,0x00215CF8,64
sub_00215CF8,0x00215CF8,0x00215D20,40
sub_00215D20,0x00215D20,0x00215F68,584
sub_00215F68,0x00215F68,0x00216008,160
sub_00216008,0x00216008,0x00216018,16
sub_00216018,0x00216018,0x00216370,856
sub_00216370,0x00216370,0x00216428,184
sub_00216428,0x00216428,0x00216768,832
sub_00216768,0x00216768,0x002168D8,368
sub_002168D8,0x002168D8,0x00216EA0,1480
sub_00216EA0,0x00216EA0,0x002175F0,1872
sub_002175F0,0x002175F0,0x00217638,72
sub_00217638,0x00217638,0x00217660,40
sub_00217660,0x00217660,0x002176D0,112
sub_002176D0,0x002176D0,0x002176F8,40
sub_002176F8,0x002176F8,0x00217810,280
sub_00217810,0x00217810,0x002178D0,192
sub_002178D0,0x002178D0,0x002178E8,24
sub_002178E8,0x002178E8,0x00217948,96
sub_00217948,0x00217948,0x002179E0,152
sub_002179E0,0x002179E0,0x00217BD8,504
sub_00217BD8,0x00217BD8,0x00217CA8,208
sub_00217CA8,0x00217CA8,0x00217D80,216
sub_00217D80,0x00217D80,0x00217DC8,72
sub_00217DC8,0x00217DC8,0x00217E08,64
sub_00217E08,0x00217E08,0x00217F10,264
sub_00217F10,0x00217F10,0x00217F68,88
sub_00217F68,0x00217F68,0x00217FB0,72
sub_00217FB0,0x00217FB0,0x00217FB8,8
sub_00217FB8,0x00217FB8,0x00218020,104
sub_00218020,0x00218020,0x00218318,760
sub_00218318,0x00218318,0x002183C8,176
sub_002183C8,0x002183C8,0x002186A0,728
sub_002186A0,0x002186A0,0x002186C0,32
sub_002186C0,0x002186C0,0x00218718,88
sub_00218718,0x00218718,0x00218D60,1608
sub_00218D60,0x00218D60,0x00218E40,224
sub_00218E40,0x00218E40,0x00218EF0,176
sub_00218EF0,0x00218EF0,0x00218F98,168
sub_00218F98,0x00218F98,0x00218FB8,32
sub_00218FB8,0x00218FB8,0x00218FD8,32
sub_00218FD8,0x00218FD8,0x002191E8,528
sub_002191E8,0x002191E8,0x00219228,64
sub_00219228,0x00219228,0x00219248,32
sub_00219248,0x00219248,0x00219630,1000
sub_00219630,0x00219630,0x00219A68,1080
sub_00219A68,0x00219A68,0x00219BB8,336
sub_00219BB8,0x00219BB8,0x00219CD0,280
sub_00219CD0,0x00219CD0,0x00219CE8,24
sub_00219CE8,0x00219CE8,0x0021A1A8,1216
sub_0021A1A8,0x0021A1A8,0x0021A1C0,24
sub_0021A1C0,0x0021A1C0,0x0021A438,632
sub_0021A438,0x0021A438,0x0021A668,560
sub_0021A668,0x0021A668,0x0021AA50,1000
sub_0021AA50,0x0021AA50,0x0021ABC8,376
sub_0021ABC8,0x0021ABC8,0x0021AF98,976
sub_0021AF98,0x0021AF98,0x0021B110,376
sub_0021B110,0x0021B110,0x0021B330,544
sub_0021B330,0x0021B330,0x0021B4C8,408
sub_0021B4C8,0x0021B4C8,0x0021B8D8,1040
sub_0021B8D8,0x0021B8D8,0x0021BA60,392
sub_0021BA60,0x0021BA60,0x0021BCD8,632
sub_0021BCD8,0x0021BCD8,0x0021C040,872
sub_0021C040,0x0021C040,0x0021C338,760
sub_0021C338,0x0021C338,0x0021C360,40
sub_0021C360,0x0021C360,0x0021C368,8
sub_0021C368,0x0021C368,0x0021C3E0,120
sub_0021C3E0,0x0021C3E0,0x0021C788,936
sub_0021C788,0x0021C788,0x0021CB80,1016
sub_0021CB80,0x0021CB80,0x0021CBB8,56
sub_0021CBB8,0x0021CBB8,0x0021CC50,152
sub_0021CC50,0x0021CC50,0x0021CCF8,168
sub_0021CCF8,0x0021CCF8,0x0021CD78,128
sub_0021CD78,0x0021CD78,0x0021CDB8,64
sub_0021CDB8,0x0021CDB8,0x0021CDC8,16
sub_0021CDC8,0x0021CDC8,0x0021CE10,72
sub_0021CE10,0x0021CE10,0x0021CE50,64
sub_0021CE50,0x0021CE50,0x0021CE98,72
sub_0021CE98,0x0021CE98,0x0021CF18,128
sub_0021CF18,0x0021CF18,0x0021CF68,80
sub_0021CF68,0x0021CF68,0x0021D108,416
sub_0021D108,0x0021D108,0x0021D3E0,728
sub_0021D3E0,0x0021D3E0,0x0021D5E8,520
sub_0021D5E8,0x0021D5E8,0x0021D5F8,16
sub_0021D5F8,0x0021D5F8,0x0021D808,528
sub_0021D808,0x0021D808,0x0021D868,96
sub_0021D868,0x0021D868,0x0021D888,32
sub_0021D888,0x0021D888,0x0021D958,208
sub_0021D958,0x0021D958,0x0021DAE0,392
sub_0021DAE0,0x0021DAE0,0x0021DB60,128
sub_0021DB60,0x0021DB60,0x0021DC48,232
sub_0021DC48,0x0021DC48,0x0021DD40,248
sub_0021DD40,0x0021DD40,0x0021DDE0,160
sub_0021DDE0,0x0021DDE0,0x0021E300,1312
sub_0021E300,0x0021E300,0x0021E410,272
sub_0021E410,0x0021E410,0x0021E750,832
sub_0021E750,0x0021E750,0x0021E760,16
sub_0021E760,0x0021E760,0x0021E900,416
sub_0021E900,0x0021E900,0x0021E958,88
sub_0021E958,0x0021E958,0x0021E988,48
sub_0021E988,0x0021E988,0x0021E9D0,72
sub_0021E9D0,0x0021E9D0,0x0021EA68,152
sub_0021EA68,0x0021EA68,0x0021EB70,264
sub_0021EB70,0x0021EB70,0x0021EBF8,136
sub_0021EBF8,0x0021EBF8,0x0021ED08,272
sub_0021ED08,0x0021ED08,0x0021EDC0,184
sub_0021EDC0,0x0021EDC0,0x0021EE30,112
sub_0021EE30,0x0021EE30,0x0021EE90,96
sub_0021EE90,0x0021EE90,0x0021EED8,72
sub_0021EED8,0x0021EED8,0x0021EF70,152
sub_0021EF70,0x0021EF70,0x0021EFA8,56
sub_0021EFA8,0x0021EFA8,0x0021F060,184
sub_0021F060,0x0021F060,0x0021F138,216
sub_0021F138,0x0021F138,0x0021F180,72
sub_0021F180,0x0021F180,0x0021F328,424
sub_0021F328,0x0021F328,0x0021F368,64
sub_0021F368,0x0021F368,0x0021F3C8,96
sub_0021F3C8,0x0021F3C8,0x0021F638,624
sub_0021F638,0x0021F638,0x0021F730,248
sub_0021F730,0x0021F730,0x0021F798,104
sub_0021F798,0x0021F798,0x0021F918,384
sub_0021F918,0x0021F918,0x0021FA40,296
sub_0021FA40,0x0021FA40,0x0021FB78,312
sub_0021FB78,0x0021FB78,0x0021FC30,184
sub_0021FC30,0x0021FC30,0x0021FC68,56
sub_0021FC68,0x0021FC68,0x0021FCA8,64
sub_0021FCA8,0x0021FCA8,0x0021FCC0,24
sub_0021FCC0,0x0021FCC0,0x0021FCE8,40
sub_0021FCE8,0x0021FCE8,0x0021FD20,56
sub_0021FD20,0x0021FD20,0x0021FDA0,128
sub_0021FDA0,0x0021FDA0,0x0021FEF0,336
sub_0021FEF0,0x0021FEF0,0x0021FEF8,8
sub_0021FEF8,0x0021FEF8,0x0021FF00,8
sub_0021FF00,0x0021FF00,0x0021FF60,96
sub_0021FF60,0x0021FF60,0x00220790,2096
sub_00220790,0x00220790,0x00220798,8
sub_00220798,0x00220798,0x002207D8,64
sub_002207D8,0x002207D8,0x00220800,40
sub_00220800,0x00220800,0x00220A98,664
sub_00220A98,0x00220A98,0x00220AA0,8
sub_00220AA0,0x00220AA0,0x00220AF0,80
sub_00220AF0,0x00220AF0,0x00220B70,128
sub_00220B70,0x00220B70,0x00220C20,176
sub_00220C20,0x00220C20,0x00220C48,40
sub_00220C48,0x00220C48,0x00220D50,264
sub_00220D50,0x00220D50,0x00220E88,312
sub_00220E88,0x00220E88,0x00220EC8,64
sub_00220EC8,0x00220EC8,0x002211F8,816
sub_002211F8,0x002211F8,0x00221240,72
sub_00221240,0x00221240,0x002212E0,160
sub_002212E0,0x002212E0,0x002213F0,272
sub_002213F0,0x002213F0,0x002215E8,504
sub_002215E8,0x002215E8,0x00221660,120
sub_00221660,0x00221660,0x002216A0,64
sub_002216A0,0x002216A0,0x002216C8,40
sub_002216C8,0x002216C8,0x00221720,88
sub_00221720,0x00221720,0x00221728,8
sub_00221728,0x00221728,0x00221768,64
sub_00221768,0x00221768,0x00221790,40
sub_00221790,0x00221790,0x00221798,8
sub_00221798,0x00221798,0x002217D8,64
sub_002217D8,0x002217D8,0x00221800,40
sub_00221800,0x00221800,0x002219C8,456
sub_002219C8,0x002219C8,0x00221AF8,304
sub_00221AF8,0x00221AF8,0x00221B38,64
sub_00221B38,0x00221B38,0x00221B48,16
sub_00221B48,0x00221B48,0x00222118,1488
sub_00222118,0x00222118,0x002225C0,1192
sub_002225C0,0x002225C0,0x00222670,176
sub_00222670,0x00222670,0x00222680,16
sub_00222680,0x00222680,0x00222928,680
sub_00222928,0x00222928,0x002229A0,120
sub_002229A0,0x002229A0,0x00222B18,376
sub_00222B18,0x00222B18,0x00222C88,368
sub_00222C88,0x00222C88,0x00222D58,208
sub_00222D58,0x00222D58,0x00223910,3000
sub_00223910,0x00223910,0x00223C00,752
sub_00223C00,0x00223C00,0x00223DB0,432
sub_00223DB0,0x00223DB0,0x00223DD8,40
sub_00223DD8,0x00223DD8,0x002242A0,1224
sub_002242A0,0x002242A0,0x00224308,104
sub_00224308,0x00224308,0x002243E0,216
sub_002243E0,0x002243E0,0x00224490,176
sub_00224490,0x00224490,0x00224508,120
sub_00224508,0x00224508,0x002245F8,240
sub_002245F8,0x002245F8,0x00224648,80
sub_00224648,0x00224648,0x00224700,184
sub_00224700,0x00224700,0x00224778,120
sub_00224778,0x00224778,0x002247E8,112
sub_002247E8,0x002247E8,0x00224870,136
sub_00224870,0x00224870,0x00224878,8
sub_00224878,0x00224878,0x002248B8,64
sub_002248B8,0x002248B8,0x002248E0,40
sub_002248E0,0x002248E0,0x002248E8,8
sub_002248E8,0x002248E8,0x00224928,64
sub_00224928,0x00224928,0x00224950,40
sub_00224950,0x00224950,0x00224958,8
sub_00224958,0x00224958,0x00224998,64
sub_00224998,0x00224998,0x002249C0,40
sub_002249C0,0x002249C0,0x00224A00,64
sub_00224A00,0x00224A00,0x00224A28,40
sub_00224A28,0x00224A28,0x00224A80,88
sub_00224A80,0x00224A80,0x00224B98,280
sub_00224B98,0x00224B98,0x00224BD0,56
sub_00224BD0,0x00224BD0,0x00224BE8,24
sub_00224BE8,0x00224BE8,0x00224BF8,16
sub_00224BF8,0x00224BF8,0x00224C98,160
sub_00224C98,0x00224C98,0x00224D10,120
sub_00224D10,0x00224D10,0x00225270,1376
sub_00225270,0x00225270,0x00225588,792
sub_00225588,0x00225588,0x002255F0,104
sub_002255F0,0x002255F0,0x00225600,16
sub_00225600,0x00225600,0x002257D8,472
sub_002257D8,0x002257D8,0x00225898,192
sub_00225898,0x00225898,0x00225940,168
sub_00225940,0x00225940,0x00225950,16
sub_00225950,0x00225950,0x00225AD8,392
sub_00225AD8,0x00225AD8,0x00225B48,112
sub_00225B48,0x00225B48,0x00226078,1328
sub_00226078,0x00226078,0x00226398,800
sub_00226398,0x00226398,0x00226418,128
sub_00226418,0x00226418,0x00226580,360
sub_00226580,0x00226580,0x002265C0,64
sub_002265C0,0x002265C0,0x002265E8,40
sub_002265E8,0x002265E8,0x00226640,88
sub_00226640,0x00226640,0x00226680,64
sub_00226680,0x00226680,0x002266A8,40
sub_002266A8,0x002266A8,0x00226700,88
sub_00226700,0x00226700,0x00226908,520
sub_00226908,0x00226908,0x00226980,120
sub_00226980,0x00226980,0x002269F8,120
sub_002269F8,0x002269F8,0x00226BC0,456
sub_00226BC0,0x00226BC0,0x00226C78,184
sub_00226C78,0x00226C78,0x00226D30,184
sub_00226D30,0x00226D30,0x00226E08,216
sub_00226E08,0x00226E08,0x00226EE0,216
sub_00226EE0,0x00226EE0,0x002270A8,456
sub_002270A8,0x002270A8,0x00227160,184
sub_00227160,0x00227160,0x002271B8,88
sub_002271B8,0x002271B8,0x00227218,96
sub_00227218,0x00227218,0x002274B8,672
sub_002274B8,0x002274B8,0x00227520,104
sub_00227520,0x00227520,0x00227580,96
sub_00227580,0x00227580,0x00227648,200
sub_00227648,0x00227648,0x00227708,192
sub_00227708,0x00227708,0x00227788,128
sub_00227788,0x00227788,0x002277E0,88
sub_002277E0,0x002277E0,0x00227860,128
sub_00227860,0x00227860,0x002278B8,88
sub_002278B8,0x002278B8,0x00227910,88
sub_00227910,0x00227910,0x00227990,128
sub_00227990,0x00227990,0x002279E8,88
sub_002279E8,0x002279E8,0x002279F0,8
sub_002279F0,0x002279F0,0x00227A30,64
sub_00227A30,0x00227A30,0x00227A58,40
sub_00227A58,0x00227A58,0x00227D70,792
sub_00227D70,0x00227D70,0x00227EE0,368
sub_00227EE0,0x00227EE0,0x00227EF0,16
sub_00227EF0,0x00227EF0,0x00227F10,32
sub_00227F10,0x00227F10,0x00227FF8,232
sub_00227FF8,0x00227FF8,0x00228058,96
sub_00228058,0x00228058,0x002280A8,80
sub_002280A8,0x002280A8,0x002282D0,552
sub_002282D0,0x002282D0,0x00228388,184
sub_00228388,0x00228388,0x002283C0,56
sub_002283C0,0x002283C0,0x002284B0,240
sub_002284B0,0x002284B0,0x002284B8,8
sub_002284B8,0x002284B8,0x002284F8,64
sub_002284F8,0x002284F8,0x00228520,40
sub_00228520,0x00228520,0x00228528,8
sub_00228528,0x00228528,0x00228568,64
sub_00228568,0x00228568,0x00228590,40
sub_00228590,0x00228590,0x00228598,8
sub_00228598,0x00228598,0x002285D8,64
sub_002285D8,0x002285D8,0x00228600,40
sub_00228600,0x00228600,0x00228640,64
sub_00228640,0x00228640,0x00228690,80
sub_00228690,0x00228690,0x002289A8,792
sub_002289A8,0x002289A8,0x00228A98,240
sub_00228A98,0x00228A98,0x00228B18,128
sub_00228B18,0x00228B18,0x00228E60,840
sub_00228E60,0x00228E60,0x00228E68,8
sub_00228E68,0x00228E68,0x00228EA8,64
sub_00228EA8,0x00228EA8,0x00228ED0,40
sub_00228ED0,0x00228ED0,0x00228EF8,40
sub_00228EF8,0x00228EF8,0x00228F58,96
sub_00228F58,0x00228F58,0x002290D8,384
sub_002290D8,0x002290D8,0x002290E0,8
sub_002290E0,0x002290E0,0x00229120,64
sub_00229120,0x00229120,0x00229148,40
sub_00229148,0x00229148,0x00229290,328
sub_00229290,0x00229290,0x00229408,376
sub_00229408,0x00229408,0x00229510,264
sub_00229510,0x00229510,0x00229538,40
sub_00229538,0x00229538,0x00229560,40
sub_00229560,0x00229560,0x00229640,224
sub_00229640,0x00229640,0x00229710,208
sub_00229710,0x00229710,0x00229AB8,936
sub_00229AB8,0x00229AB8,0x00229AD0,24
sub_00229AD0,0x00229AD0,0x00229C80,432
sub_00229C80,0x00229C80,0x00229CC8,72
sub_00229CC8,0x00229CC8,0x00229E90,456
sub_00229E90,0x00229E90,0x0022A380,1264
sub_0022A380,0x0022A380,0x0022A388,8
sub_0022A388,0x0022A388,0x0022A4C8,320
sub_0022A4C8,0x0022A4C8,0x0022A5E0,280
sub_0022A5E0,0x0022A5E0,0x0022A6C0,224
sub_0022A6C0,0x0022A6C0,0x0022A750,144
sub_0022A750,0x0022A750,0x0022A770,32
sub_0022A770,0x0022A770,0x0022A810,160
sub_0022A810,0x0022A810,0x0022A920,272
sub_0022A920,0x0022A920,0x0022A950,48
sub_0022A950,0x0022A950,0x0022AAC8,376
sub_0022AAC8,0x0022AAC8,0x0022AAE0,24
sub_0022AAE0,0x0022AAE0,0x0022ABD8,248
sub_0022ABD8,0x0022ABD8,0x0022AC10,56
sub_0022AC10,0x0022AC10,0x0022AD68,344
sub_0022AD68,0x0022AD68,0x0022ADC8,96
sub_0022ADC8,0x0022ADC8,0x0022AE58,144
sub_0022AE58,0x0022AE58,0x0022AF20,200
sub_0022AF20,0x0022AF20,0x0022B000,224
sub_0022B000,0x0022B000,0x0022B210,528
sub_0022B210,0x0022B210,0x0022B238,40
sub_0022B238,0x0022B238,0x0022B260,40
sub_0022B260,0x0022B260,0x0022B328,200
sub_0022B328,0x0022B328,0x0022B330,8
sub_0022B330,0x0022B330,0x0022B370,64
sub_0022B370,0x0022B370,0x0022B398,40
sub_0022B398,0x0022B398,0x0022B3A0,8
sub_0022B3A0,0x0022B3A0,0x0022B3E0,64
sub_0022B3E0,0x0022B3E0,0x0022B408,40
sub_0022B408,0x0022B408,0x0022B410,8
sub_0022B410,0x0022B410,0x0022B450,64
sub_0022B450,0x0022B450,0x0022B478,40
sub_0022B478,0x0022B478,0x0022B510,152
sub_0022B510,0x0022B510,0x0022B570,96
sub_0022B570,0x0022B570,0x0022B690,288
sub_0022B690,0x0022B690,0x0022B780,240
sub_0022B780,0x0022B780,0x0022B7C8,72
sub_0022B7C8,0x0022B7C8,0x0022B858,144
sub_0022B858,0x0022B858,0x0022B908,176
sub_0022B908,0x0022B908,0x0022B938,48
sub_0022B938,0x0022B938,0x0022BAE0,424
sub_0022BAE0,0x0022BAE0,0x0022BBC8,232
sub_0022BBC8,0x0022BBC8,0x0022BD50,392
sub_0022BD50,0x0022BD50,0x0022BDC8,120
sub_0022BDC8,0x0022BDC8,0x0022BE00,56
sub_0022BE00,0x0022BE00,0x0022BE10,16
sub_0022BE10,0x0022BE10,0x0022BE88,120
sub_0022BE88,0x0022BE88,0x0022BED8,80
sub_0022BED8,0x0022BED8,0x0022BEE8,16
sub_0022BEE8,0x0022BEE8,0x0022BF20,56
sub_0022BF20,0x0022BF20,0x0022BF30,16
sub_0022BF30,0x0022BF30,0x0022C1E0,688
sub_0022C1E0,0x0022C1E0,0x0022C230,80
sub_0022C230,0x0022C230,0x0022C258,40
sub_0022C258,0x0022C258,0x0022C268,16
sub_0022C268,0x0022C268,0x0022C2A0,56
sub_0022C2A0,0x0022C2A0,0x0022C2B0,16
sub_0022C2B0,0x0022C2B0,0x0022C398,232
sub_0022C398,0x0022C398,0x0022C3E8,80
sub_0022C3E8,0x0022C3E8,0x0022C410,40
sub_0022C410,0x0022C410,0x0022C420,16
sub_0022C420,0x0022C420,0x0022C458,56
sub_0022C458,0x0022C458,0x0022C468,16
sub_0022C468,0x0022C468,0x0022C550,232
sub_0022C550,0x0022C550,0x0022C5A0,80
sub_0022C5A0,0x0022C5A0,0x0022C5C8,40
sub_0022C5C8,0x0022C5C8,0x0022C5D8,16
sub_0022C5D8,0x0022C5D8,0x0022C610,56
sub_0022C610,0x0022C610,0x0022C620,16
sub_0022C620,0x0022C620,0x0022C708,232
sub_0022C708,0x0022C708,0x0022C758,80
sub_0022C758,0x0022C758,0x0022C768,16
sub_0022C768,0x0022C768,0x0022C7A0,56
sub_0022C7A0,0x0022C7A0,0x0022C7B0,16
sub_0022C7B0,0x0022C7B0,0x0022C7B8,8
sub_0022C7B8,0x0022C7B8,0x0022C808,80
sub_0022C808,0x0022C808,0x0022C848,64
sub_0022C848,0x0022C848,0x0022C8D0,136
sub_0022C8D0,0x0022C8D0,0x0022C8F8,40
sub_0022C8F8,0x0022C8F8,0x0022C918,32
sub_0022C918,0x0022C918,0x0022C948,48
sub_0022C948,0x0022C948,0x0022C9D0,136
sub_0022C9D0,0x0022C9D0,0x0022CA58,136
sub_0022CA58,0x0022CA58,0x0022CB18,192
sub_0022CB18,0x0022CB18,0x0022CDB0,664
sub_0022CDB0,0x0022CDB0,0x0022CED8,296
sub_0022CED8,0x0022CED8,0x0022CF40,104
sub_0022CF40,0x0022CF40,0x0022D060,288
sub_0022D060,0x0022D060,0x0022D088,40
sub_0022D088,0x0022D088,0x0022D1B8,304
sub_0022D1B8,0x0022D1B8,0x0022D2F0,312
sub_0022D2F0,0x0022D2F0,0x0022D388,152
sub_0022D388,0x0022D388,0x0022D440,184
sub_0022D440,0x0022D440,0x0022D458,24
sub_0022D458,0x0022D458,0x0022D488,48
sub_0022D488,0x0022D488,0x0022D4C0,56
sub_0022D4C0,0x0022D4C0,0x0022D608,328
sub_0022D608,0x0022D608,0x0022D638,48
sub_0022D638,0x0022D638,0x0022D6B0,120
sub_0022D6B0,0x0022D6B0,0x0022D6C0,16
sub_0022D6C0,0x0022D6C0,0x0022D6F0,48
sub_0022D6F0,0x0022D6F0,0x0022D710,32
sub_0022D710,0x0022D710,0x0022D720,16
sub_0022D720,0x0022D720,0x0022D758,56
sub_0022D758,0x0022D758,0x0022D768,16
sub_0022D768,0x0022D768,0x0022D7F0,136
sub_0022D7F0,0x0022D7F0,0x0022D840,80
sub_0022D840,0x0022D840,0x0022D968,296
sub_0022D968,0x0022D968,0x0022DC18,688
sub_0022DC18,0x0022DC18,0x0022E088,1136
sub_0022E088,0x0022E088,0x0022E098,16
sub_0022E098,0x0022E098,0x0022E148,176
sub_0022E148,0x0022E148,0x0022E260,280
sub_0022E260,0x0022E260,0x0022E370,272
sub_0022E370,0x0022E370,0x0022E460,240
sub_0022E460,0x0022E460,0x0022E538,216
sub_0022E538,0x0022E538,0x0022E618,224
sub_0022E618,0x0022E618,0x0022E6F8,224
sub_0022E6F8,0x0022E6F8,0x0022E800,264
sub_0022E800,0x0022E800,0x0022E908,264
sub_0022E908,0x0022E908,0x0022EAA8,416
sub_0022EAA8,0x0022EAA8,0x0022EE58,944
sub_0022EE58,0x0022EE58,0x0022EE88,48
sub_0022EE88,0x0022EE88,0x0022F0D0,584
sub_0022F0D0,0x0022F0D0,0x0022F0F8,40
sub_0022F0F8,0x0022F0F8,0x0022F4B0,952
sub_0022F4B0,0x0022F4B0,0x0022F4F8,72
sub_0022F4F8,0x0022F4F8,0x0022F540,72
sub_0022F540,0x0022F540,0x0022F5A0,96
sub_0022F5A0,0x0022F5A0,0x0022F5E0,64
sub_0022F5E0,0x0022F5E0,0x0022FDC8,2024
sub_0022FDC8,0x0022FDC8,0x0022FDE0,24
sub_0022FDE0,0x0022FDE0,0x0022FE30,80
sub_0022FE30,0x0022FE30,0x00230888,2648
sub_00230888,0x00230888,0x002308C0,56
sub_002308C0,0x002308C0,0x002308D0,16
sub_002308D0,0x002308D0,0x002308D8,8
sub_002308D8,0x002308D8,0x00230928,80
sub_00230928,0x00230928,0x00230938,16
sub_00230938,0x00230938,0x00230970,56
sub_00230970,0x00230970,0x00230980,16
sub_00230980,0x00230980,0x00230988,8
sub_00230988,0x00230988,0x002309D8,80
sub_002309D8,0x002309D8,0x00230A68,144
sub_00230A68,0x00230A68,0x00230B18,176
sub_00230B18,0x00230B18,0x00230BE8,208
sub_00230BE8,0x00230BE8,0x00230C48,96
sub_00230C48,0x00230C48,0x00230CE0,152
sub_00230CE0,0x00230CE0,0x00230D08,40
sub_00230D08,0x00230D08,0x00230D68,96
sub_00230D68,0x00230D68,0x00230E50,232
sub_00230E50,0x00230E50,0x00230EE8,152
sub_00230EE8,0x00230EE8,0x002311D8,752
sub_002311D8,0x002311D8,0x002315A8,976
sub_002315A8,0x002315A8,0x00231860,696
sub_00231860,0x00231860,0x002319C8,360
sub_002319C8,0x002319C8,0x00231A28,96
sub_00231A28,0x00231A28,0x00231B28,256
sub_00231B28,0x00231B28,0x00231BB8,144
sub_00231BB8,0x00231BB8,0x00231C18,96
sub_00231C18,0x00231C18,0x00231D08,240
sub_00231D08,0x00231D08,0x00231E30,296
sub_00231E30,0x00231E30,0x00231F10,224
sub_00231F10,0x00231F10,0x00232060,336
sub_00232060,0x00232060,0x00232170,272
sub_00232170,0x00232170,0x002321B8,72
sub_002321B8,0x002321B8,0x00232218,96
sub_00232218,0x00232218,0x00232318,256
sub_00232318,0x00232318,0x002323F8,224
sub_002323F8,0x002323F8,0x002324D8,224
sub_002324D8,0x002324D8,0x002325E0,264
sub_002325E0,0x002325E0,0x00232658,120
sub_00232658,0x00232658,0x00232748,240
sub_00232748,0x00232748,0x002327A8,96
sub_002327A8,0x002327A8,0x002328A8,256
sub_002328A8,0x002328A8,0x00232A78,464
sub_00232A78,0x00232A78,0x00232CF8,640
sub_00232CF8,0x00232CF8,0x00232EC8,464
sub_00232EC8,0x00232EC8,0x00232F68,160
sub_00232F68,0x00232F68,0x00232F88,32
sub_00232F88,0x00232F88,0x00232FE0,88
sub_00232FE0,0x00232FE0,0x00233038,88
sub_00233038,0x00233038,0x00233090,88
sub_00233090,0x00233090,0x00233160,208
sub_00233160,0x00233160,0x00233240,224
sub_00233240,0x00233240,0x002333A8,360
sub_002333A8,0x002333A8,0x00233420,120
sub_00233420,0x00233420,0x00233518,248
sub_00233518,0x00233518,0x00233540,40
sub_00233540,0x00233540,0x00233588,72
sub_00233588,0x00233588,0x002335A8,32
sub_002335A8,0x002335A8,0x00233638,144
sub_00233638,0x00233638,0x002336B8,128
sub_002336B8,0x002336B8,0x00233840,392
sub_00233840,0x00233840,0x002338D0,144
sub_002338D0,0x002338D0,0x002339A8,216
sub_002339A8,0x002339A8,0x002339C8,32
sub_002339C8,0x002339C8,0x002339E8,32
sub_002339E8,0x002339E8,0x00233AA8,192
sub_00233AA8,0x00233AA8,0x00233B48,160
sub_00233B48,0x00233B48,0x00233DE0,664
sub_00233DE0,0x00233DE0,0x00233E70,144
sub_00233E70,0x00233E70,0x00234010,416
sub_00234010,0x00234010,0x00234018,8
sub_00234018,0x00234018,0x002340A8,144
sub_002340A8,0x002340A8,0x002340C0,24
sub_002340C0,0x002340C0,0x002340D0,16
sub_002340D0,0x002340D0,0x002340D8,8
sub_002340D8,0x002340D8,0x002340E8,16
sub_002340E8,0x002340E8,0x002340F0,8
sub_002340F0,0x002340F0,0x00234128,56
sub_00234128,0x00234128,0x00234180,88
sub_00234180,0x00234180,0x00234190,16
sub_00234190,0x00234190,0x002341B8,40
sub_002341B8,0x002341B8,0x002341E0,40
sub_002341E0,0x002341E0,0x00234228,72
sub_00234228,0x00234228,0x00234248,32
sub_00234248,0x00234248,0x00234290,72
sub_00234290,0x00234290,0x00234298,8
sub_00234298,0x00234298,0x002342B0,24
sub_002342B0,0x002342B0,0x002342E8,56
sub_002342E8,0x002342E8,0x00234320,56
sub_00234320,0x00234320,0x00234358,56
sub_00234358,0x00234358,0x00234390,56
sub_00234390,0x00234390,0x002343C8,56
sub_002343C8,0x002343C8,0x00234430,104
sub_00234430,0x00234430,0x00234440,16
sub_00234440,0x00234440,0x002344A8,104
sub_002344A8,0x002344A8,0x00234510,104
sub_00234510,0x00234510,0x00234518,8
sub_00234518,0x00234518,0x00234520,8
sub_00234520,0x00234520,0x00234558,56
sub_00234558,0x00234558,0x00234588,48
sub_00234588,0x00234588,0x002345E0,88
sub_002345E0,0x002345E0,0x002360E0,6912
sub_002360E0,0x002360E0,0x00236108,40
sub_00236108,0x00236108,0x00236130,40
sub_00236130,0x00236130,0x00236158,40
sub_00236158,0x00236158,0x002361B0,88
sub_002361B0,0x002361B0,0x00236210,96
sub_00236210,0x00236210,0x00236270,96
sub_00236270,0x00236270,0x002362D0,96
sub_002362D0,0x002362D0,0x00236330,96
sub_00236330,0x00236330,0x00236358,40
sub_00236358,0x00236358,0x00236378,32
sub_00236378,0x00236378,0x002363A0,40
sub_002363A0,0x002363A0,0x002363C8,40
sub_002363C8,0x002363C8,0x00236448,128
sub_00236448,0x00236448,0x002364C8,128
sub_002364C8,0x002364C8,0x00236548,128
sub_00236548,0x00236548,0x002365C8,128
sub_002365C8,0x002365C8,0x00236648,128
sub_00236648,0x00236648,0x002366C8,128
sub_002366C8,0x002366C8,0x002366E8,32
sub_002366E8,0x002366E8,0x00236708,32
sub_00236708,0x00236708,0x00236790,136
sub_00236790,0x00236790,0x002367E8,88
sub_002367E8,0x002367E8,0x00236810,40
sub_00236810,0x00236810,0x00236838,40
sub_00236838,0x00236838,0x00236860,40
sub_00236860,0x00236860,0x00236900,160
sub_00236900,0x00236900,0x00236928,40
sub_00236928,0x00236928,0x00236950,40
sub_00236950,0x00236950,0x00236978,40
sub_00236978,0x00236978,0x002369A0,40
sub_002369A0,0x002369A0,0x002369C8,40
sub_002369C8,0x002369C8,0x002369F0,40
sub_002369F0,0x002369F0,0x00236A18,40
sub_00236A18,0x00236A18,0x00236A40,40
sub_00236A40,0x00236A40,0x00236A68,40
sub_00236A68,0x00236A68,0x00236A90,40
sub_00236A90,0x00236A90,0x00236AB8,40
sub_00236AB8,0x00236AB8,0x00236AE0,40
sub_00236AE0,0x00236AE0,0x00236B08,40
sub_00236B08,0x00236B08,0x00236B30,40
sub_00236B30,0x00236B30,0x00236B88,88
sub_00236B88,0x00236B88,0x00236BB0,40
sub_00236BB0,0x00236BB0,0x00236BD8,40
sub_00236BD8,0x00236BD8,0x00236C00,40
sub_00236C00,0x00236C00,0x00236C28,40
sub_00236C28,0x00236C28,0x00236C50,40
sub_00236C50,0x00236C50,0x00236C78,40
sub_00236C78,0x00236C78,0x00236CA0,40
sub_00236CA0,0x00236CA0,0x00236CC8,40
sub_00236CC8,0x00236CC8,0x00236CF0,40
sub_00236CF0,0x00236CF0,0x00236D18,40
sub_00236D18,0x00236D18,0x00236D40,40
sub_00236D40,0x00236D40,0x00236D68,40
sub_00236D68,0x00236D68,0x00236D90,40
sub_00236D90,0x00236D90,0x00236DB8,40
sub_00236DB8,0x00236DB8,0x00236E18,96
sub_00236E18,0x00236E18,0x00236E78,96
sub_00236E78,0x00236E78,0x00236EA8,48
sub_00236EA8,0x00236EA8,0x00236ED8,48
sub_00236ED8,0x00236ED8,0x00236F08,48
sub_00236F08,0x00236F08,0x00236F60,88
sub_00236F60,0x00236F60,0x00236FB8,88
sub_00236FB8,0x00236FB8,0x00237010,88
sub_00237010,0x00237010,0x00237068,88
sub_00237068,0x00237068,0x002370C8,96
sub_002370C8,0x002370C8,0x00237120,88
sub_00237120,0x00237120,0x00237178,88
sub_00237178,0x00237178,0x002371D0,88
sub_002371D0,0x002371D0,0x00237228,88
sub_00237228,0x00237228,0x00237280,88
sub_00237280,0x00237280,0x002372D8,88
sub_002372D8,0x002372D8,0x00237330,88
sub_00237330,0x00237330,0x00237388,88
sub_00237388,0x00237388,0x002373E0,88
sub_002373E0,0x002373E0,0x00237438,88
sub_00237438,0x00237438,0x00237490,88
sub_00237490,0x00237490,0x002374E8,88
sub_002374E8,0x002374E8,0x00237540,88
sub_00237540,0x00237540,0x00237598,88
sub_00237598,0x00237598,0x002375F0,88
sub_002375F0,0x002375F0,0x00237648,88
sub_00237648,0x00237648,0x002376F8,176
sub_002376F8,0x002376F8,0x00237748,80
sub_00237748,0x00237748,0x00237778,48
sub_00237778,0x00237778,0x002377D0,88
sub_002377D0,0x002377D0,0x00237828,88
sub_00237828,0x00237828,0x00237880,88
sub_00237880,0x00237880,0x002378D8,88
sub_002378D8,0x002378D8,0x00237930,88
sub_00237930,0x00237930,0x00237988,88
sub_00237988,0x00237988,0x002379E0,88
sub_002379E0,0x002379E0,0x00237A38,88
sub_00237A38,0x00237A38,0x00237A68,48
sub_00237A68,0x00237A68,0x00237AC0,88
sub_00237AC0,0x00237AC0,0x00237B18,88
sub_00237B18,0x00237B18,0x00237B70,88
sub_00237B70,0x00237B70,0x00237BC8,88
sub_00237BC8,0x00237BC8,0x00237C20,88
sub_00237C20,0x00237C20,0x00237C78,88
sub_00237C78,0x00237C78,0x00237C98,32
sub_00237C98,0x00237C98,0x00237CB8,32
sub_00237CB8,0x00237CB8,0x00237CD8,32
sub_00237CD8,0x00237CD8,0x00237CF8,32
sub_00237CF8,0x00237CF8,0x00237D18,32
sub_00237D18,0x00237D18,0x00237D38,32
sub_00237D38,0x00237D38,0x00237D58,32
sub_00237D58,0x00237D58,0x00237D78,32
sub_00237D78,0x00237D78,0x00237D98,32
sub_00237D98,0x00237D98,0x00237DB8,32
sub_00237DB8,0x00237DB8,0x00237DD8,32
sub_00237DD8,0x00237DD8,0x00237DF8,32
sub_00237DF8,0x00237DF8,0x00237E18,32
sub_00237E18,0x00237E18,0x00237E38,32
sub_00237E38,0x00237E38,0x00237E58,32
sub_00237E58,0x00237E58,0x00237E78,32
sub_00237E78,0x00237E78,0x00237ED0,88
sub_00237ED0,0x00237ED0,0x00237F28,88
sub_00237F28,0x00237F28,0x00237F80,88
sub_00237F80,0x00237F80,0x00237FD8,88
sub_00237FD8,0x00237FD8,0x00238030,88
sub_00238030,0x00238030,0x00238088,88
sub_00238088,0x00238088,0x002380E0,88
sub_002380E0,0x002380E0,0x00238138,88
sub_00238138,0x00238138,0x002381E8,176
sub_002381E8,0x002381E8,0x00238238,80
sub_00238238,0x00238238,0x00238290,88
sub_00238290,0x00238290,0x002382E0,80
sub_002382E0,0x002382E0,0x00238338,88
sub_00238338,0x00238338,0x00238388,80
sub_00238388,0x00238388,0x00238418,144
sub_00238418,0x00238418,0x00238468,80
sub_00238468,0x00238468,0x002384F8,144
sub_002384F8,0x002384F8,0x00238548,80
sub_00238548,0x00238548,0x002385D8,144
sub_002385D8,0x002385D8,0x00238628,80
sub_00238628,0x00238628,0x00238680,88
sub_00238680,0x00238680,0x002386D0,80
sub_002386D0,0x002386D0,0x00238700,48
sub_00238700,0x00238700,0x00238750,80
sub_00238750,0x00238750,0x00238780,48
sub_00238780,0x00238780,0x002387D0,80
sub_002387D0,0x002387D0,0x00238800,48
sub_00238800,0x00238800,0x00238810,16
sub_00238810,0x00238810,0x00238840,48
sub_00238840,0x00238840,0x00238848,8
sub_00238848,0x00238848,0x00238850,8
sub_00238850,0x00238850,0x00238858,8
sub_00238858,0x00238858,0x00238860,8
sub_00238860,0x00238860,0x00238888,40
sub_00238888,0x00238888,0x00238890,8
sub_00238890,0x00238890,0x002388B8,40
sub_002388B8,0x002388B8,0x002388C0,8
sub_002388C0,0x002388C0,0x002388C8,8
sub_002388C8,0x002388C8,0x002388D0,8
sub_002388D0,0x002388D0,0x002388D8,8
sub_002388D8,0x002388D8,0x002388E0,8
sub_002388E0,0x002388E0,0x002388E8,8
sub_002388E8,0x002388E8,0x002388F8,16
sub_002388F8,0x002388F8,0x00238978,128
sub_00238978,0x00238978,0x002389A0,40
sub_002389A0,0x002389A0,0x002389D0,48
sub_002389D0,0x002389D0,0x002389F0,32
sub_002389F0,0x002389F0,0x00238A50,96
sub_00238A50,0x00238A50,0x00238AC0,112
sub_00238AC0,0x00238AC0,0x00238CA0,480
sub_00238CA0,0x00238CA0,0x00238CB0,16
sub_00238CB0,0x00238CB0,0x00238CC0,16
sub_00238CC0,0x00238CC0,0x00238D38,120
sub_00238D38,0x00238D38,0x00238D68,48
sub_00238D68,0x00238D68,0x00238D70,8
sub_00238D70,0x00238D70,0x00238D90,32
sub_00238D90,0x00238D90,0x00238E00,112
sub_00238E00,0x00238E00,0x00238E80,128
sub_00238E80,0x00238E80,0x00238ED0,80
sub_00238ED0,0x00238ED0,0x00238F20,80
sub_00238F20,0x00238F20,0x00238F70,80
sub_00238F70,0x00238F70,0x00238FC0,80
sub_00238FC0,0x00238FC0,0x00239050,144
sub_00239050,0x00239050,0x002390E0,144
sub_002390E0,0x002390E0,0x002390E8,8
sub_002390E8,0x002390E8,0x002390F8,16
sub_002390F8,0x002390F8,0x00239100,8
sub_00239100,0x00239100,0x00239140,64
sub_00239140,0x00239140,0x00239168,40
sub_00239168,0x00239168,0x00239180,24
sub_00239180,0x00239180,0x002391D8,88
sub_002391D8,0x002391D8,0x002391E8,16
sub_002391E8,0x002391E8,0x00239200,24
sub_00239200,0x00239200,0x00239208,8
sub_00239208,0x00239208,0x00239210,8
sub_00239210,0x00239210,0x00239228,24
sub_00239228,0x00239228,0x00239248,32
sub_00239248,0x00239248,0x00239260,24
sub_00239260,0x00239260,0x00239268,8
sub_00239268,0x00239268,0x00239270,8
sub_00239270,0x00239270,0x00239278,8
sub_00239278,0x00239278,0x00239280,8
sub_00239280,0x00239280,0x002392C8,72
sub_002392C8,0x002392C8,0x00239310,72
sub_00239310,0x00239310,0x002393B8,168
sub_002393B8,0x002393B8,0x00239468,176
sub_00239468,0x00239468,0x002394F8,144
sub_002394F8,0x002394F8,0x00239530,56
sub_00239530,0x00239530,0x00239568,56
sub_00239568,0x00239568,0x002395A0,56
sub_002395A0,0x002395A0,0x002396B0,272
sub_002396B0,0x002396B0,0x00239758,168
sub_00239758,0x00239758,0x00239810,184
sub_00239810,0x00239810,0x00239820,16
sub_00239820,0x00239820,0x002398B0,144
sub_002398B0,0x002398B0,0x00239918,104
sub_00239918,0x00239918,0x00239978,96
sub_00239978,0x00239978,0x002399F8,128
sub_002399F8,0x002399F8,0x00239A30,56
sub_00239A30,0x00239A30,0x00239A60,48
sub_00239A60,0x00239A60,0x00239A68,8
sub_00239A68,0x00239A68,0x00239A80,24
sub_00239A80,0x00239A80,0x00239AC8,72
sub_00239AC8,0x00239AC8,0x00239AF8,48
sub_00239AF8,0x00239AF8,0x00239B28,48
sub_00239B28,0x00239B28,0x00239B38,16
sub_00239B38,0x00239B38,0x00239B40,8
sub_00239B40,0x00239B40,0x00239B48,8
sub_00239B48,0x00239B48,0x00239B50,8
sub_00239B50,0x00239B50,0x00239B58,8
sub_00239B58,0x00239B58,0x00239B60,8
sub_00239B60,0x00239B60,0x00239BA0,64
sub_00239BA0,0x00239BA0,0x00239C00,96
sub_00239C00,0x00239C00,0x00239C28,40
sub_00239C28,0x00239C28,0x00239C58,48
sub_00239C58,0x00239C58,0x00239C80,40
sub_00239C80,0x00239C80,0x00239CF8,120
sub_00239CF8,0x00239CF8,0x00239D28,48
sub_00239D28,0x00239D28,0x00239D58,48
sub_00239D58,0x00239D58,0x00239D90,56
sub_00239D90,0x00239D90,0x00239E08,120
sub_00239E08,0x00239E08,0x00239E58,80
sub_00239E58,0x00239E58,0x00239EF8,160
sub_00239EF8,0x00239EF8,0x00239F00,8
sub_00239F00,0x00239F00,0x00239F78,120
sub_00239F78,0x00239F78,0x00239F88,16
sub_00239F88,0x00239F88,0x00239F90,8
sub_00239F90,0x00239F90,0x00239FD8,72
sub_00239FD8,0x00239FD8,0x0023A000,40
sub_0023A000,0x0023A000,0x0023A380,896
sub_0023A380,0x0023A380,0x0023A538,440
sub_0023A538,0x0023A538,0x0023A6C8,400
sub_0023A6C8,0x0023A6C8,0x0023A718,80
sub_0023A718,0x0023A718,0x0023A830,280
sub_0023A830,0x0023A830,0x0023A920,240
sub_0023A920,0x0023A920,0x0023AA40,288
sub_0023AA40,0x0023AA40,0x0023AA50,16
sub_0023AA50,0x0023AA50,0x0023AAB0,96
sub_0023AAB0,0x0023AAB0,0x0023AAC0,16
sub_0023AAC0,0x0023AAC0,0x0023AAC8,8
sub_0023AAC8,0x0023AAC8,0x0023AB28,96
sub_0023AB28,0x0023AB28,0x0023AB38,16
sub_0023AB38,0x0023AB38,0x0023ABB0,120
sub_0023ABB0,0x0023ABB0,0x0023AC50,160
sub_0023AC50,0x0023AC50,0x0023ACA8,88
sub_0023ACA8,0x0023ACA8,0x0023AD08,96
sub_0023AD08,0x0023AD08,0x0023AD30,40
sub_0023AD30,0x0023AD30,0x0023AE58,296
sub_0023AE58,0x0023AE58,0x0023AE70,24
sub_0023AE70,0x0023AE70,0x0023AE80,16
sub_0023AE80,0x0023AE80,0x0023AFC0,320
sub_0023AFC0,0x0023AFC0,0x0023AFD0,16
sub_0023AFD0,0x0023AFD0,0x0023AFD8,8
sub_0023AFD8,0x0023AFD8,0x0023AFE0,8
sub_0023AFE0,0x0023AFE0,0x0023B088,168
sub_0023B088,0x0023B088,0x0023B090,8
sub_0023B090,0x0023B090,0x0023B0B8,40
sub_0023B0B8,0x0023B0B8,0x0023B0C0,8
sub_0023B0C0,0x0023B0C0,0x0023B0C8,8
sub_0023B0C8,0x0023B0C8,0x0023B0D0,8
sub_0023B0D0,0x0023B0D0,0x0023B0D8,8
sub_0023B0D8,0x0023B0D8,0x0023B108,48
sub_0023B108,0x0023B108,0x0023B170,104
sub_0023B170,0x0023B170,0x0023B210,160
sub_0023B210,0x0023B210,0x0023B268,88
sub_0023B268,0x0023B268,0x0023B270,8
sub_0023B270,0x0023B270,0x0023B278,8
sub_0023B278,0x0023B278,0x0023B2A8,48
sub_0023B2A8,0x0023B2A8,0x0023B2D0,40
sub_0023B2D0,0x0023B2D0,0x0023B310,64
sub_0023B310,0x0023B310,0x0023B520,528
sub_0023B520,0x0023B520,0x0023B570,80
sub_0023B570,0x0023B570,0x0023B5B0,64
sub_0023B5B0,0x0023B5B0,0x0023B5B8,8
sub_0023B5B8,0x0023B5B8,0x0023B5C0,8
sub_0023B5C0,0x0023B5C0,0x0023B5E0,32
sub_0023B5E0,0x0023B5E0,0x0023B638,88
sub_0023B638,0x0023B638,0x0023B668,48
sub_0023B668,0x0023B668,0x0023B698,48
sub_0023B698,0x0023B698,0x0023B6A0,8
sub_0023B6A0,0x0023B6A0,0x0023B778,216
sub_0023B778,0x0023B778,0x0023B790,24
sub_0023B790,0x0023B790,0x0023B858,200
sub_0023B858,0x0023B858,0x0023B870,24
sub_0023B870,0x0023B870,0x0023B8D8,104
sub_0023B8D8,0x0023B8D8,0x0023B8E8,16
sub_0023B8E8,0x0023B8E8,0x0023B8F8,16
sub_0023B8F8,0x0023B8F8,0x0023B900,8
sub_0023B900,0x0023B900,0x0023B918,24
sub_0023B918,0x0023B918,0x0023B980,104
sub_0023B980,0x0023B980,0x0023B988,8
sub_0023B988,0x0023B988,0x0023B9D0,72
sub_0023B9D0,0x0023B9D0,0x0023BAE0,272
sub_0023BAE0,0x0023BAE0,0x0023BB60,128
sub_0023BB60,0x0023BB60,0x0023BBE0,128
sub_0023BBE0,0x0023BBE0,0x0023BBE8,8
sub_0023BBE8,0x0023BBE8,0x0023BC68,128
sub_0023BC68,0x0023BC68,0x0023BC70,8
sub_0023BC70,0x0023BC70,0x0023BCF0,128
sub_0023BCF0,0x0023BCF0,0x0023BD70,128
sub_0023BD70,0x0023BD70,0x0023BD78,8
sub_0023BD78,0x0023BD78,0x0023BDF8,128
sub_0023BDF8,0x0023BDF8,0x0023BE00,8
sub_0023BE00,0x0023BE00,0x0023BE08,8
sub_0023BE08,0x0023BE08,0x0023BE10,8
sub_0023BE10,0x0023BE10,0x0023BE90,128
sub_0023BE90,0x0023BE90,0x0023BE98,8
sub_0023BE98,0x0023BE98,0x0023BEA0,8
sub_0023BEA0,0x0023BEA0,0x0023C030,400
sub_0023C030,0x0023C030,0x0023C078,72
sub_0023C078,0x0023C078,0x0023C0E0,104
sub_0023C0E0,0x0023C0E0,0x0023C270,400
sub_0023C270,0x0023C270,0x0023C2F8,136
sub_0023C2F8,0x0023C2F8,0x0023C490,408
sub_0023C490,0x0023C490,0x0023C530,160
sub_0023C530,0x0023C530,0x0023C538,8
sub_0023C538,0x0023C538,0x0023C560,40
sub_0023C560,0x0023C560,0x0023C590,48
sub_0023C590,0x0023C590,0x0023C5A0,16
sub_0023C5A0,0x0023C5A0,0x0023C5D0,48
sub_0023C5D0,0x0023C5D0,0x0023C5E0,16
sub_0023C5E0,0x0023C5E0,0x0023C688,168
sub_0023C688,0x0023C688,0x0023C6B0,40
sub_0023C6B0,0x0023C6B0,0x0023C710,96
sub_0023C710,0x0023C710,0x0023C740,48
sub_0023C740,0x0023C740,0x0023C748,8
sub_0023C748,0x0023C748,0x0023C780,56
sub_0023C780,0x0023C780,0x0023C788,8
sub_0023C788,0x0023C788,0x0023C7E8,96
sub_0023C7E8,0x0023C7E8,0x0023C7F8,16
sub_0023C7F8,0x0023C7F8,0x0023C800,8
sub_0023C800,0x0023C800,0x0023C808,8
sub_0023C808,0x0023C808,0x0023C828,32
sub_0023C828,0x0023C828,0x0023C850,40
sub_0023C850,0x0023C850,0x0023C8B0,96
sub_0023C8B0,0x0023C8B0,0x0023C918,104
sub_0023C918,0x0023C918,0x0023CA00,232
sub_0023CA00,0x0023CA00,0x0023CA68,104
sub_0023CA68,0x0023CA68,0x0023CA90,40
sub_0023CA90,0x0023CA90,0x0023CAB8,40
sub_0023CAB8,0x0023CAB8,0x0023CB08,80
sub_0023CB08,0x0023CB08,0x0023CB28,32
sub_0023CB28,0x0023CB28,0x0023CB40,24
sub_0023CB40,0x0023CB40,0x0023CB50,16
sub_0023CB50,0x0023CB50,0x0023CB88,56
sub_0023CB88,0x0023CB88,0x0023CB90,8
sub_0023CB90,0x0023CB90,0x0023CBA0,16
sub_0023CBA0,0x0023CBA0,0x0023CBA8,8
sub_0023CBA8,0x0023CBA8,0x0023CC18,112
sub_0023CC18,0x0023CC18,0x0023CC40,40
sub_0023CC40,0x0023CC40,0x0023CC48,8
sub_0023CC48,0x0023CC48,0x0023CCD8,144
sub_0023CCD8,0x0023CCD8,0x0023CD80,168
sub_0023CD80,0x0023CD80,0x0023CDB8,56
sub_0023CDB8,0x0023CDB8,0x0023CDF0,56
sub_0023CDF0,0x0023CDF0,0x0023CF08,280
sub_0023CF08,0x0023CF08,0x0023CF18,16
sub_0023CF18,0x0023CF18,0x0023CF28,16
sub_0023CF28,0x0023CF28,0x0023CF38,16
sub_0023CF38,0x0023CF38,0x0023CF80,72
sub_0023CF80,0x0023CF80,0x0023CF90,16
sub_0023CF90,0x0023CF90,0x0023CFA8,24
sub_0023CFA8,0x0023CFA8,0x0023CFB0,8
sub_0023CFB0,0x0023CFB0,0x0023D070,192
sub_0023D070,0x0023D070,0x0023D0A8,56
sub_0023D0A8,0x0023D0A8,0x0023D0B0,8
sub_0023D0B0,0x0023D0B0,0x0023D150,160
sub_0023D150,0x0023D150,0x0023D1F0,160
sub_0023D1F0,0x0023D1F0,0x0023D220,48
sub_0023D220,0x0023D220,0x0023D228,8
sub_0023D228,0x0023D228,0x0023D230,8
sub_0023D230,0x0023D230,0x0023D238,8
sub_0023D238,0x0023D238,0x0023D240,8
sub_0023D240,0x0023D240,0x0023D248,8
sub_0023D248,0x0023D248,0x0023D250,8
sub_0023D250,0x0023D250,0x0023D258,8
sub_0023D258,0x0023D258,0x0023D260,8
sub_0023D260,0x0023D260,0x0023D268,8
sub_0023D268,0x0023D268,0x0023D270,8
sub_0023D270,0x0023D270,0x0023D278,8
sub_0023D278,0x0023D278,0x0023D280,8
sub_0023D280,0x0023D280,0x0023D288,8
sub_0023D288,0x0023D288,0x0023D290,8
sub_0023D290,0x0023D290,0x0023D298,8
sub_0023D298,0x0023D298,0x0023D2A0,8
sub_0023D2A0,0x0023D2A0,0x0023D320,128
sub_0023D320,0x0023D320,0x0023D328,8
sub_0023D328,0x0023D328,0x0023D330,8
sub_0023D330,0x0023D330,0x0023D338,8
sub_0023D338,0x0023D338,0x0023D3C8,144
sub_0023D3C8,0x0023D3C8,0x0023D490,200
sub_0023D490,0x0023D490,0x0023D4D8,72
sub_0023D4D8,0x0023D4D8,0x0023D558,128
sub_0023D558,0x0023D558,0x0023D658,256
sub_0023D658,0x0023D658,0x0023D690,56
sub_0023D690,0x0023D690,0x0023D6B8,40
sub_0023D6B8,0x0023D6B8,0x0023D7D0,280
sub_0023D7D0,0x0023D7D0,0x0023D7F8,40
sub_0023D7F8,0x0023D7F8,0x0023D800,8
sub_0023D800,0x0023D800,0x0023D8A8,168
sub_0023D8A8,0x0023D8A8,0x0023D8D0,40
sub_0023D8D0,0x0023D8D0,0x0023D8F8,40
sub_0023D8F8,0x0023D8F8,0x0023D928,48
sub_0023D928,0x0023D928,0x0023D988,96
sub_0023D988,0x0023D988,0x0023D9A8,32
sub_0023D9A8,0x0023D9A8,0x0023D9C8,32
sub_0023D9C8,0x0023D9C8,0x0023DA28,96
sub_0023DA28,0x0023DA28,0x0023DA88,96
sub_0023DA88,0x0023DA88,0x0023DAE8,96
sub_0023DAE8,0x0023DAE8,0x0023DB88,160
sub_0023DB88,0x0023DB88,0x0023DBB0,40
sub_0023DBB0,0x0023DBB0,0x0023DBB8,8
sub_0023DBB8,0x0023DBB8,0x0023DBC0,8
sub_0023DBC0,0x0023DBC0,0x0023DBC8,8
sub_0023DBC8,0x0023DBC8,0x0023DBD0,8
sub_0023DBD0,0x0023DBD0,0x0023DBD8,8
sub_0023DBD8,0x0023DBD8,0x0023DBE0,8
sub_0023DBE0,0x0023DBE0,0x0023DBE8,8
sub_0023DBE8,0x0023DBE8,0x0023DBF0,8
sub_0023DBF0,0x0023DBF0,0x0023DBF8,8
sub_0023DBF8,0x0023DBF8,0x0023DC00,8
sub_0023DC00,0x0023DC00,0x0023DC08,8
sub_0023DC08,0x0023DC08,0x0023DC10,8
sub_0023DC10,0x0023DC10,0x0023DCE8,216
sub_0023DCE8,0x0023DCE8,0x0023DCF0,8
sub_0023DCF0,0x0023DCF0,0x0023DCF8,8
sub_0023DCF8,0x0023DCF8,0x0023DD00,8
sub_0023DD00,0x0023DD00,0x0023DD40,64
sub_0023DD40,0x0023DD40,0x0023DD78,56
sub_0023DD78,0x0023DD78,0x0023DDC8,80
sub_0023DDC8,0x0023DDC8,0x0023DEF0,296
sub_0023DEF0,0x0023DEF0,0x0023DF68,120
sub_0023DF68,0x0023DF68,0x0023DF98,48
sub_0023DF98,0x0023DF98,0x0023DFD8,64
sub_0023DFD8,0x0023DFD8,0x0023E000,40
sub_0023E000,0x0023E000,0x0023E028,40
sub_0023E028,0x0023E028,0x0023E148,288
sub_0023E148,0x0023E148,0x0023E200,184
sub_0023E200,0x0023E200,0x0023E208,8
sub_0023E208,0x0023E208,0x0023E258,80
sub_0023E258,0x0023E258,0x0023E298,64
sub_0023E298,0x0023E298,0x0023E2E8,80
sub_0023E2E8,0x0023E2E8,0x0023E410,296
sub_0023E410,0x0023E410,0x0023E450,64
sub_0023E450,0x0023E450,0x0023E568,280
sub_0023E568,0x0023E568,0x0023E5B8,80
sub_0023E5B8,0x0023E5B8,0x0023E608,80
sub_0023E608,0x0023E608,0x0023E610,8
sub_0023E610,0x0023E610,0x0023E618,8
sub_0023E618,0x0023E618,0x0023E620,8
sub_0023E620,0x0023E620,0x0023E628,8
sub_0023E628,0x0023E628,0x0023E630,8
sub_0023E630,0x0023E630,0x0023E638,8
sub_0023E638,0x0023E638,0x0023E640,8
sub_0023E640,0x0023E640,0x0023E648,8
sub_0023E648,0x0023E648,0x0023E650,8
sub_0023E650,0x0023E650,0x0023E658,8
sub_0023E658,0x0023E658,0x0023E660,8
sub_0023E660,0x0023E660,0x0023E668,8
sub_0023E668,0x0023E668,0x0023E688,32
sub_0023E688,0x0023E688,0x0023E6D8,80
sub_0023E6D8,0x0023E6D8,0x0023E6E0,8
sub_0023E6E0,0x0023E6E0,0x0023E6E8,8
sub_0023E6E8,0x0023E6E8,0x0023E6F0,8
sub_0023E6F0,0x0023E6F0,0x0023E6F8,8
sub_0023E6F8,0x0023E6F8,0x0023E700,8
sub_0023E700,0x0023E700,0x0023E708,8
sub_0023E708,0x0023E708,0x0023E710,8
sub_0023E710,0x0023E710,0x0023E718,8
sub_0023E718,0x0023E718,0x0023E720,8
sub_0023E720,0x0023E720,0x0023E728,8
sub_0023E728,0x0023E728,0x0023E730,8
sub_0023E730,0x0023E730,0x0023E738,8
sub_0023E738,0x0023E738,0x0023E7A8,112
sub_0023E7A8,0x0023E7A8,0x0023E7F8,80
sub_0023E7F8,0x0023E7F8,0x0023E920,296
sub_0023E920,0x0023E920,0x0023E950,48
sub_0023E950,0x0023E950,0x0023E958,8
sub_0023E958,0x0023E958,0x0023E968,16
sub_0023E968,0x0023E968,0x0023E9E8,128
sub_0023E9E8,0x0023E9E8,0x0023EA68,128
sub_0023EA68,0x0023EA68,0x0023EB68,256
sub_0023EB68,0x0023EB68,0x0023EBC0,88
sub_0023EBC0,0x0023EBC0,0x0023EBC8,8
sub_0023EBC8,0x0023EBC8,0x0023EBD0,8
sub_0023EBD0,0x0023EBD0,0x0023EBD8,8
sub_0023EBD8,0x0023EBD8,0x0023EBE8,16
sub_0023EBE8,0x0023EBE8,0x0023EC18,48
sub_0023EC18,0x0023EC18,0x0023EC60,72
sub_0023EC60,0x0023EC60,0x0023EC68,8
sub_0023EC68,0x0023EC68,0x0023EC70,8
sub_0023EC70,0x0023EC70,0x0023EC80,16
sub_0023EC80,0x0023EC80,0x0023ED80,256
sub_0023ED80,0x0023ED80,0x0023ED88,8
sub_0023ED88,0x0023ED88,0x0023ED98,16
sub_0023ED98,0x0023ED98,0x0023EDD0,56
sub_0023EDD0,0x0023EDD0,0x0023EE08,56
sub_0023EE08,0x0023EE08,0x0023EE40,56
sub_0023EE40,0x0023EE40,0x0023EE78,56
sub_0023EE78,0x0023EE78,0x0023EEB0,56
sub_0023EEB0,0x0023EEB0,0x0023EEE8,56
sub_0023EEE8,0x0023EEE8,0x0023EF20,56
sub_0023EF20,0x0023EF20,0x0023EF58,56
sub_0023EF58,0x0023EF58,0x0023EF90,56
sub_0023EF90,0x0023EF90,0x0023EFC8,56
sub_0023EFC8,0x0023EFC8,0x0023F000,56
sub_0023F000,0x0023F000,0x0023F010,16
sub_0023F010,0x0023F010,0x0023F038,40
sub_0023F038,0x0023F038,0x0023F120,232
sub_0023F120,0x0023F120,0x0023F150,48
sub_0023F150,0x0023F150,0x0023F1C8,120
sub_0023F1C8,0x0023F1C8,0x0023F1D8,16
sub_0023F1D8,0x0023F1D8,0x0023F238,96
sub_0023F238,0x0023F238,0x0023F298,96
sub_0023F298,0x0023F298,0x0023F350,184
sub_0023F350,0x0023F350,0x0023F560,528
sub_0023F560,0x0023F560,0x0023F598,56
sub_0023F598,0x0023F598,0x0023F5D8,64
sub_0023F5D8,0x0023F5D8,0x0023F798,448
sub_0023F798,0x0023F798,0x0023F7F8,96
sub_0023F7F8,0x0023F7F8,0x0023F838,64
sub_0023F838,0x0023F838,0x0023F8A8,112
sub_0023F8A8,0x0023F8A8,0x0023F9A8,256
sub_0023F9A8,0x0023F9A8,0x0023FAE0,312
sub_0023FAE0,0x0023FAE0,0x0023FC30,336
sub_0023FC30,0x0023FC30,0x0023FC68,56
sub_0023FC68,0x0023FC68,0x0023FD80,280
sub_0023FD80,0x0023FD80,0x0023FDA0,32
sub_0023FDA0,0x0023FDA0,0x0023FE20,128
sub_0023FE20,0x0023FE20,0x00240488,1640
sub_00240488,0x00240488,0x002404C0,56
sub_002404C0,0x002404C0,0x00240500,64
sub_00240500,0x00240500,0x00240528,40
sub_00240528,0x00240528,0x00240548,32
sub_00240548,0x00240548,0x00240570,40
sub_00240570,0x00240570,0x002405A8,56
sub_002405A8,0x002405A8,0x00240700,344
sub_00240700,0x00240700,0x00240818,280
sub_00240818,0x00240818,0x00240830,24
sub_00240830,0x00240830,0x00240948,280
sub_00240948,0x00240948,0x00240980,56
sub_00240980,0x00240980,0x00240A98,280
sub_00240A98,0x00240A98,0x00240B58,192
sub_00240B58,0x00240B58,0x00240B90,56
sub_00240B90,0x00240B90,0x00240BC0,48
sub_00240BC0,0x00240BC0,0x00240CD8,280
sub_00240CD8,0x00240CD8,0x00240D10,56
sub_00240D10,0x00240D10,0x00240DC8,184
sub_00240DC8,0x00240DC8,0x00240E50,136
sub_00240E50,0x00240E50,0x00240E88,56
sub_00240E88,0x00240E88,0x00240EC0,56
sub_00240EC0,0x00240EC0,0x00240F10,80
sub_00240F10,0x00240F10,0x00241028,280
sub_00241028,0x00241028,0x00241030,8
sub_00241030,0x00241030,0x00241110,224
sub_00241110,0x00241110,0x00241120,16
sub_00241120,0x00241120,0x002411E0,192
sub_002411E0,0x002411E0,0x00241208,40
sub_00241208,0x00241208,0x00241418,528
sub_00241418,0x00241418,0x00241420,8
sub_00241420,0x00241420,0x00241458,56
sub_00241458,0x00241458,0x00241470,24
sub_00241470,0x00241470,0x00241498,40
sub_00241498,0x00241498,0x002414A0,8
sub_002414A0,0x002414A0,0x002414A8,8
sub_002414A8,0x002414A8,0x002414B0,8
sub_002414B0,0x002414B0,0x002415C8,280
sub_002415C8,0x002415C8,0x002415D0,8
sub_002415D0,0x002415D0,0x00241600,48
sub_00241600,0x00241600,0x00241640,64
sub_00241640,0x00241640,0x00241668,40
sub_00241668,0x00241668,0x002416B8,80
sub_002416B8,0x002416B8,0x002416F0,56
sub_002416F0,0x002416F0,0x00241818,296
sub_00241818,0x00241818,0x00241940,296
sub_00241940,0x00241940,0x002419C8,136
sub_002419C8,0x002419C8,0x00241A08,64
sub_00241A08,0x00241A08,0x00241A58,80
sub_00241A58,0x00241A58,0x00241A90,56
sub_00241A90,0x00241A90,0x00241AE8,88
sub_00241AE8,0x00241AE8,0x00241C10,296
sub_00241C10,0x00241C10,0x00241C38,40
sub_00241C38,0x00241C38,0x00241C70,56
sub_00241C70,0x00241C70,0x00241E28,440
sub_00241E28,0x00241E28,0x00241F40,280
sub_00241F40,0x00241F40,0x00241F88,72
sub_00241F88,0x00241F88,0x00242010,136
sub_00242010,0x00242010,0x002420C0,176
sub_002420C0,0x002420C0,0x00242160,160
sub_00242160,0x00242160,0x00242198,56
sub_00242198,0x00242198,0x002421E0,72
sub_002421E0,0x002421E0,0x00242230,80
sub_00242230,0x00242230,0x00242248,24
sub_00242248,0x00242248,0x00242280,56
sub_00242280,0x00242280,0x00242320,160
sub_00242320,0x00242320,0x00242340,32
sub_00242340,0x00242340,0x00242348,8
sub_00242348,0x00242348,0x00242350,8
sub_00242350,0x00242350,0x002423B0,96
sub_002423B0,0x002423B0,0x00242410,96
sub_00242410,0x00242410,0x00242448,56
sub_00242448,0x00242448,0x00242450,8
sub_00242450,0x00242450,0x00242458,8
sub_00242458,0x00242458,0x00242460,8
sub_00242460,0x00242460,0x00242498,56
sub_00242498,0x00242498,0x002424A0,8
sub_002424A0,0x002424A0,0x002424A8,8
sub_002424A8,0x002424A8,0x002424B0,8
sub_002424B0,0x002424B0,0x002424E0,48
sub_002424E0,0x002424E0,0x002424E8,8
sub_002424E8,0x002424E8,0x002424F0,8
sub_002424F0,0x002424F0,0x002424F8,8
sub_002424F8,0x002424F8,0x00242528,48
sub_00242528,0x00242528,0x00242530,8
sub_00242530,0x00242530,0x00242538,8
sub_00242538,0x00242538,0x00242540,8
sub_00242540,0x00242540,0x00242570,48
sub_00242570,0x00242570,0x00242578,8
sub_00242578,0x00242578,0x00242580,8
sub_00242580,0x00242580,0x00242588,8
sub_00242588,0x00242588,0x002425B8,48
sub_002425B8,0x002425B8,0x002425C0,8
sub_002425C0,0x002425C0,0x002425C8,8
sub_002425C8,0x002425C8,0x002425F8,48
sub_002425F8,0x002425F8,0x00242600,8
sub_00242600,0x00242600,0x00242618,24
sub_00242618,0x00242618,0x00242620,8
sub_00242620,0x00242620,0x00242628,8
sub_00242628,0x00242628,0x00242658,48
sub_00242658,0x00242658,0x00242660,8
sub_00242660,0x00242660,0x00242698,56
sub_00242698,0x00242698,0x002426A0,8
sub_002426A0,0x002426A0,0x002426E0,64
sub_002426E0,0x002426E0,0x00242710,48
sub_00242710,0x00242710,0x00242720,16
sub_00242720,0x00242720,0x00242728,8
sub_00242728,0x00242728,0x00242730,8
sub_00242730,0x00242730,0x00242738,8
sub_00242738,0x00242738,0x002428C0,392
sub_002428C0,0x002428C0,0x002428C8,8
sub_002428C8,0x002428C8,0x00242910,72
sub_00242910,0x00242910,0x00242918,8
sub_00242918,0x00242918,0x00242930,24
sub_00242930,0x00242930,0x00242938,8
sub_00242938,0x00242938,0x00242948,16
sub_00242948,0x00242948,0x00242950,8
sub_00242950,0x00242950,0x00242958,8
sub_00242958,0x00242958,0x00242960,8
sub_00242960,0x00242960,0x00242978,24
sub_00242978,0x00242978,0x002429A8,48
sub_002429A8,0x002429A8,0x002429B8,16
sub_002429B8,0x002429B8,0x002429C0,8
sub_002429C0,0x002429C0,0x002429C8,8
sub_002429C8,0x002429C8,0x002429D0,8
sub_002429D0,0x002429D0,0x00242A28,88
sub_00242A28,0x00242A28,0x00242A88,96
sub_00242A88,0x00242A88,0x00242A98,16
sub_00242A98,0x00242A98,0x00242AD8,64
sub_00242AD8,0x00242AD8,0x00242B58,128
sub_00242B58,0x00242B58,0x00242B60,8
sub_00242B60,0x00242B60,0x00242B68,8
sub_00242B68,0x00242B68,0x00242B70,8
sub_00242B70,0x00242B70,0x00242B78,8
sub_00242B78,0x00242B78,0x00242B80,8
sub_00242B80,0x00242B80,0x00242B88,8
sub_00242B88,0x00242B88,0x00242B90,8
sub_00242B90,0x00242B90,0x00242BA0,16
sub_00242BA0,0x00242BA0,0x00242BB0,16
sub_00242BB0,0x00242BB0,0x00242BC0,16
sub_00242BC0,0x00242BC0,0x00242BD8,24
sub_00242BD8,0x00242BD8,0x00242C00,40
sub_00242C00,0x00242C00,0x00242C10,16
sub_00242C10,0x00242C10,0x00242C80,112
sub_00242C80,0x00242C80,0x00242D40,192
sub_00242D40,0x00242D40,0x00242E30,240
sub_00242E30,0x00242E30,0x00242EF8,200
sub_00242EF8,0x00242EF8,0x00243050,344
sub_00243050,0x00243050,0x00243078,40
sub_00243078,0x00243078,0x00243160,232
sub_00243160,0x00243160,0x00243170,16
sub_00243170,0x00243170,0x00243188,24
sub_00243188,0x00243188,0x002431E8,96
sub_002431E8,0x002431E8,0x00243210,40
sub_00243210,0x00243210,0x00243238,40
sub_00243238,0x00243238,0x00243298,96
sub_00243298,0x00243298,0x002432A0,8
sub_002432A0,0x002432A0,0x002432A8,8
sub_002432A8,0x002432A8,0x002432B0,8
sub_002432B0,0x002432B0,0x002432C8,24
sub_002432C8,0x002432C8,0x002432F0,40
sub_002432F0,0x002432F0,0x00243320,48
sub_00243320,0x00243320,0x00243360,64
sub_00243360,0x00243360,0x002433D8,120
sub_002433D8,0x002433D8,0x00243438,96
sub_00243438,0x00243438,0x00243498,96
sub_00243498,0x00243498,0x002434A0,8
sub_002434A0,0x002434A0,0x00243500,96
sub_00243500,0x00243500,0x00243548,72
sub_00243548,0x00243548,0x00243550,8
sub_00243550,0x00243550,0x00243558,8
sub_00243558,0x00243558,0x00243560,8
sub_00243560,0x00243560,0x00243568,8
sub_00243568,0x00243568,0x00243570,8
sub_00243570,0x00243570,0x00243580,16
sub_00243580,0x00243580,0x002435E0,96
sub_002435E0,0x002435E0,0x00243628,72
sub_00243628,0x00243628,0x00243688,96
sub_00243688,0x00243688,0x002436B0,40
sub_002436B0,0x002436B0,0x00243710,96
sub_00243710,0x00243710,0x00243738,40
sub_00243738,0x00243738,0x00243798,96
sub_00243798,0x00243798,0x002437C0,40
sub_002437C0,0x002437C0,0x00243820,96
sub_00243820,0x00243820,0x00243848,40
sub_00243848,0x00243848,0x00243850,8
sub_00243850,0x00243850,0x002438B0,96
sub_002438B0,0x002438B0,0x00243910,96
sub_00243910,0x00243910,0x00243918,8
sub_00243918,0x00243918,0x00243978,96
sub_00243978,0x00243978,0x002439A0,40
sub_002439A0,0x002439A0,0x00243A50,176
sub_00243A50,0x00243A50,0x00243A98,72
sub_00243A98,0x00243A98,0x00243AF8,96
sub_00243AF8,0x00243AF8,0x00243B50,88
sub_00243B50,0x00243B50,0x00243B78,40
sub_00243B78,0x00243B78,0x00243BB0,56
sub_00243BB0,0x00243BB0,0x00243BB8,8
sub_00243BB8,0x00243BB8,0x00243C18,96
sub_00243C18,0x00243C18,0x00243C40,40
sub_00243C40,0x00243C40,0x00243CA8,104
sub_00243CA8,0x00243CA8,0x00243CD0,40
sub_00243CD0,0x00243CD0,0x00243D70,160
sub_00243D70,0x00243D70,0x00243DA8,56
sub_00243DA8,0x00243DA8,0x00243DC0,24
sub_00243DC0,0x00243DC0,0x00243E98,216
sub_00243E98,0x00243E98,0x00243EA8,16
sub_00243EA8,0x00243EA8,0x00243EC0,24
sub_00243EC0,0x00243EC0,0x00243F10,80
sub_00243F10,0x00243F10,0x00243FC0,176
sub_00243FC0,0x00243FC0,0x00243FC8,8
sub_00243FC8,0x00243FC8,0x00243FF0,40
sub_00243FF0,0x00243FF0,0x00243FF8,8
sub_00243FF8,0x00243FF8,0x00244020,40
sub_00244020,0x00244020,0x00244088,104
sub_00244088,0x00244088,0x00244090,8
sub_00244090,0x00244090,0x002440B8,40
sub_002440B8,0x002440B8,0x002440E0,40
sub_002440E0,0x002440E0,0x002440E8,8
sub_002440E8,0x002440E8,0x00244130,72
sub_00244130,0x00244130,0x00244158,40
sub_00244158,0x00244158,0x00244178,32
sub_00244178,0x00244178,0x00244190,24
sub_00244190,0x00244190,0x002441B0,32
sub_002441B0,0x002441B0,0x00244218,104
sub_00244218,0x00244218,0x00244270,88
sub_00244270,0x00244270,0x00244298,40
sub_00244298,0x00244298,0x002442D8,64
sub_002442D8,0x002442D8,0x002442E0,8
sub_002442E0,0x002442E0,0x002442E8,8
sub_002442E8,0x002442E8,0x002442F0,8
sub_002442F0,0x002442F0,0x002442F8,8
sub_002442F8,0x002442F8,0x00244300,8
sub_00244300,0x00244300,0x00244308,8
sub_00244308,0x00244308,0x00244318,16
sub_00244318,0x00244318,0x00244328,16
sub_00244328,0x00244328,0x00244338,16
sub_00244338,0x00244338,0x00244340,8
sub_00244340,0x00244340,0x00244360,32
sub_00244360,0x00244360,0x00244398,56
sub_00244398,0x00244398,0x002443A0,8
sub_002443A0,0x002443A0,0x002443A8,8
sub_002443A8,0x002443A8,0x002443B0,8
sub_002443B0,0x002443B0,0x002443B8,8
sub_002443B8,0x002443B8,0x002443C0,8
sub_002443C0,0x002443C0,0x002443C8,8
sub_002443C8,0x002443C8,0x002443D8,16
sub_002443D8,0x002443D8,0x002443E8,16
sub_002443E8,0x002443E8,0x002443F8,16
sub_002443F8,0x002443F8,0x00244410,24
sub_00244410,0x00244410,0x00244448,56
sub_00244448,0x00244448,0x00244450,8
sub_00244450,0x00244450,0x00244458,8
sub_00244458,0x00244458,0x00244460,8
sub_00244460,0x00244460,0x00244468,8
sub_00244468,0x00244468,0x00244470,8
sub_00244470,0x00244470,0x00244478,8
sub_00244478,0x00244478,0x00244488,16
sub_00244488,0x00244488,0x00244498,16
sub_00244498,0x00244498,0x002444A8,16
sub_002444A8,0x002444A8,0x002444D0,40
sub_002444D0,0x002444D0,0x00244530,96
sub_00244530,0x00244530,0x00244590,96
sub_00244590,0x00244590,0x002445C8,56
sub_002445C8,0x002445C8,0x00244600,56
sub_00244600,0x00244600,0x00244638,56
sub_00244638,0x00244638,0x00244670,56
sub_00244670,0x00244670,0x002446A8,56
sub_002446A8,0x002446A8,0x002446E0,56
sub_002446E0,0x002446E0,0x00244718,56
sub_00244718,0x00244718,0x00244750,56
sub_00244750,0x00244750,0x00244788,56
sub_00244788,0x00244788,0x002447C0,56
sub_002447C0,0x002447C0,0x002447F8,56
sub_002447F8,0x002447F8,0x00244830,56
sub_00244830,0x00244830,0x00244870,64
sub_00244870,0x00244870,0x002448B0,64
sub_002448B0,0x002448B0,0x002448E8,56
sub_002448E8,0x002448E8,0x00244920,56
sub_00244920,0x00244920,0x00244930,16
sub_00244930,0x00244930,0x00244940,16
sub_00244940,0x00244940,0x00244950,16
sub_00244950,0x00244950,0x00244960,16
sub_00244960,0x00244960,0x00244990,48
sub_00244990,0x00244990,0x00244AE0,336
sub_00244AE0,0x00244AE0,0x00244B20,64
sub_00244B20,0x00244B20,0x00244B60,64
sub_00244B60,0x00244B60,0x00244B88,40
sub_00244B88,0x00244B88,0x00244BE8,96
sub_00244BE8,0x00244BE8,0x00244C48,96
sub_00244C48,0x00244C48,0x00244CA8,96
sub_00244CA8,0x00244CA8,0x00244CD8,48
sub_00244CD8,0x00244CD8,0x00244D08,48
sub_00244D08,0x00244D08,0x00244D18,16
sub_00244D18,0x00244D18,0x00244D40,40
sub_00244D40,0x00244D40,0x00244DA8,104
sub_00244DA8,0x00244DA8,0x00244DD8,48
sub_00244DD8,0x00244DD8,0x00244DE0,8
sub_00244DE0,0x00244DE0,0x00244E08,40
sub_00244E08,0x00244E08,0x00244E18,16
sub_00244E18,0x00244E18,0x00244E68,80
sub_00244E68,0x00244E68,0x00244EA0,56
sub_00244EA0,0x00244EA0,0x00244EB0,16
sub_00244EB0,0x00244EB0,0x00244ED8,40
sub_00244ED8,0x00244ED8,0x00244F10,56
sub_00244F10,0x00244F10,0x00244F18,8
sub_00244F18,0x00244F18,0x00244F98,128
sub_00244F98,0x00244F98,0x00244FD0,56
sub_00244FD0,0x00244FD0,0x00244FD8,8
sub_00244FD8,0x00244FD8,0x00245080,168
sub_00245080,0x00245080,0x00245140,192
sub_00245140,0x00245140,0x00245210,208
sub_00245210,0x00245210,0x00245248,56
sub_00245248,0x00245248,0x00245250,8
sub_00245250,0x00245250,0x002452D8,136
sub_002452D8,0x002452D8,0x00245310,56
sub_00245310,0x00245310,0x00245318,8
sub_00245318,0x00245318,0x002453A0,136
sub_002453A0,0x002453A0,0x002453D8,56
sub_002453D8,0x002453D8,0x002453E0,8
sub_002453E0,0x002453E0,0x00245468,136
sub_00245468,0x00245468,0x002454A0,56
sub_002454A0,0x002454A0,0x002454A8,8
sub_002454A8,0x002454A8,0x00245540,152
sub_00245540,0x00245540,0x00245618,216
sub_00245618,0x00245618,0x00245650,56
sub_00245650,0x00245650,0x00245658,8
sub_00245658,0x00245658,0x002456B8,96
sub_002456B8,0x002456B8,0x002456F0,56
sub_002456F0,0x002456F0,0x002456F8,8
sub_002456F8,0x002456F8,0x00245768,112
sub_00245768,0x00245768,0x002457A0,56
sub_002457A0,0x002457A0,0x002457A8,8
sub_002457A8,0x002457A8,0x00245808,96
sub_00245808,0x00245808,0x00245810,8
sub_00245810,0x00245810,0x00245818,8
sub_00245818,0x00245818,0x00245820,8
sub_00245820,0x00245820,0x00245828,8
sub_00245828,0x00245828,0x00245830,8
sub_00245830,0x00245830,0x00245838,8
sub_00245838,0x00245838,0x00245840,8
sub_00245840,0x00245840,0x00245848,8
sub_00245848,0x00245848,0x00245850,8
sub_00245850,0x00245850,0x00245858,8
sub_00245858,0x00245858,0x00245910,184
sub_00245910,0x00245910,0x00245918,8
sub_00245918,0x00245918,0x00245920,8
sub_00245920,0x00245920,0x00245928,8
sub_00245928,0x00245928,0x00245930,8
sub_00245930,0x00245930,0x00245938,8
sub_00245938,0x00245938,0x00245940,8
sub_00245940,0x00245940,0x002459D8,152
sub_002459D8,0x002459D8,0x00245A80,168
sub_00245A80,0x00245A80,0x00245B38,184
sub_00245B38,0x00245B38,0x00245BF0,184
sub_00245BF0,0x00245BF0,0x00245CA8,184
sub_00245CA8,0x00245CA8,0x00245D40,152
sub_00245D40,0x00245D40,0x00245E00,192
sub_00245E00,0x00245E00,0x00245EC0,192
sub_00245EC0,0x00245EC0,0x00245F48,136
sub_00245F48,0x00245F48,0x00245FE0,152
sub_00245FE0,0x00245FE0,0x00246078,152
sub_00246078,0x00246078,0x00246138,192
sub_00246138,0x00246138,0x002461F8,192
sub_002461F8,0x002461F8,0x00246290,152
sub_00246290,0x00246290,0x00246298,8
sub_00246298,0x00246298,0x002462D0,56
sub_002462D0,0x002462D0,0x00246438,360
sub_00246438,0x00246438,0x00246570,312
sub_00246570,0x00246570,0x002465A8,56
sub_002465A8,0x002465A8,0x002465E0,56
sub_002465E0,0x002465E0,0x00246748,360
sub_00246748,0x00246748,0x00246880,312
sub_00246880,0x00246880,0x002468B8,56
sub_002468B8,0x002468B8,0x002468F0,56
sub_002468F0,0x002468F0,0x00246A48,344
sub_00246A48,0x00246A48,0x00246B70,296
sub_00246B70,0x00246B70,0x00246BA8,56
sub_00246BA8,0x00246BA8,0x00246BE0,56
sub_00246BE0,0x00246BE0,0x00246D38,344
sub_00246D38,0x00246D38,0x00246E60,296
sub_00246E60,0x00246E60,0x00246E98,56
sub_00246E98,0x00246E98,0x00246ED0,56
sub_00246ED0,0x00246ED0,0x00247028,344
sub_00247028,0x00247028,0x00247150,296
sub_00247150,0x00247150,0x00247188,56
sub_00247188,0x00247188,0x002471C0,56
sub_002471C0,0x002471C0,0x00247328,360
sub_00247328,0x00247328,0x00247460,312
sub_00247460,0x00247460,0x00247498,56
sub_00247498,0x00247498,0x002474D0,56
sub_002474D0,0x002474D0,0x00247638,360
sub_00247638,0x00247638,0x00247770,312
sub_00247770,0x00247770,0x002477A8,56
sub_002477A8,0x002477A8,0x002477E0,56
sub_002477E0,0x002477E0,0x00247960,384
sub_00247960,0x00247960,0x00247A98,312
sub_00247A98,0x00247A98,0x00247AD0,56
sub_00247AD0,0x00247AD0,0x00247B08,56
sub_00247B08,0x00247B08,0x00247C60,344
sub_00247C60,0x00247C60,0x00247D88,296
sub_00247D88,0x00247D88,0x00247DC0,56
sub_00247DC0,0x00247DC0,0x00247DF8,56
sub_00247DF8,0x00247DF8,0x00247F50,344
sub_00247F50,0x00247F50,0x00248078,296
sub_00248078,0x00248078,0x002480B0,56
sub_002480B0,0x002480B0,0x002480E8,56
sub_002480E8,0x002480E8,0x00248250,360
sub_00248250,0x00248250,0x00248388,312
sub_00248388,0x00248388,0x002483C0,56
sub_002483C0,0x002483C0,0x002483F8,56
sub_002483F8,0x002483F8,0x00248560,360
sub_00248560,0x00248560,0x00248698,312
sub_00248698,0x00248698,0x002486D0,56
sub_002486D0,0x002486D0,0x00248708,56
sub_00248708,0x00248708,0x00248870,360
sub_00248870,0x00248870,0x002489A8,312
sub_002489A8,0x002489A8,0x002489E0,56
sub_002489E0,0x002489E0,0x00248A18,56
sub_00248A18,0x00248A18,0x00248B80,360
sub_00248B80,0x00248B80,0x00248CB8,312
sub_00248CB8,0x00248CB8,0x00248CF0,56
sub_00248CF0,0x00248CF0,0x00248D28,56
sub_00248D28,0x00248D28,0x00248E90,360
sub_00248E90,0x00248E90,0x00248FC8,312
sub_00248FC8,0x00248FC8,0x00249000,56
sub_00249000,0x00249000,0x00249038,56
sub_00249038,0x00249038,0x002491A0,360
sub_002491A0,0x002491A0,0x002492D8,312
sub_002492D8,0x002492D8,0x00249310,56
sub_00249310,0x00249310,0x00249348,56
sub_00249348,0x00249348,0x002494C8,384
sub_002494C8,0x002494C8,0x00249600,312
sub_00249600,0x00249600,0x00249638,56
sub_00249638,0x00249638,0x00249670,56
sub_00249670,0x00249670,0x002497D8,360
sub_002497D8,0x002497D8,0x00249910,312
sub_00249910,0x00249910,0x00249948,56
sub_00249948,0x00249948,0x00249980,56
sub_00249980,0x00249980,0x00249AE8,360
sub_00249AE8,0x00249AE8,0x00249C20,312
sub_00249C20,0x00249C20,0x00249C58,56
sub_00249C58,0x00249C58,0x00249C90,56
sub_00249C90,0x00249C90,0x00249DF8,360
sub_00249DF8,0x00249DF8,0x00249F30,312
sub_00249F30,0x00249F30,0x00249F68,56
sub_00249F68,0x00249F68,0x00249FA0,56
sub_00249FA0,0x00249FA0,0x0024A108,360
sub_0024A108,0x0024A108,0x0024A240,312
sub_0024A240,0x0024A240,0x0024A278,56
sub_0024A278,0x0024A278,0x0024A2B0,56
sub_0024A2B0,0x0024A2B0,0x0024A418,360
sub_0024A418,0x0024A418,0x0024A550,312
sub_0024A550,0x0024A550,0x0024A588,56
sub_0024A588,0x0024A588,0x0024A590,8
sub_0024A590,0x0024A590,0x0024A5C8,56
sub_0024A5C8,0x0024A5C8,0x0024A748,384
sub_0024A748,0x0024A748,0x0024A898,336
sub_0024A898,0x0024A898,0x0024A8D0,56
sub_0024A8D0,0x0024A8D0,0x0024A908,56
sub_0024A908,0x0024A908,0x0024AAA0,408
sub_0024AAA0,0x0024AAA0,0x0024AC08,360
sub_0024AC08,0x0024AC08,0x0024AC40,56
sub_0024AC40,0x0024AC40,0x0024AC78,56
sub_0024AC78,0x0024AC78,0x0024ADE0,360
sub_0024ADE0,0x0024ADE0,0x0024AF18,312
sub_0024AF18,0x0024AF18,0x0024AF50,56
sub_0024AF50,0x0024AF50,0x0024AF88,56
sub_0024AF88,0x0024AF88,0x0024B138,432
sub_0024B138,0x0024B138,0x0024B260,296
sub_0024B260,0x0024B260,0x0024B298,56
sub_0024B298,0x0024B298,0x0024B2D0,56
sub_0024B2D0,0x0024B2D0,0x0024B468,408
sub_0024B468,0x0024B468,0x0024B590,296
sub_0024B590,0x0024B590,0x0024B5C8,56
sub_0024B5C8,0x0024B5C8,0x0024B600,56
sub_0024B600,0x0024B600,0x0024B810,528
sub_0024B810,0x0024B810,0x0024B9F0,480
sub_0024B9F0,0x0024B9F0,0x0024BA28,56
sub_0024BA28,0x0024BA28,0x0024BA60,56
sub_0024BA60,0x0024BA60,0x0024BBC8,360
sub_0024BBC8,0x0024BBC8,0x0024BD00,312
sub_0024BD00,0x0024BD00,0x0024BD38,56
sub_0024BD38,0x0024BD38,0x0024BD70,56
sub_0024BD70,0x0024BD70,0x0024BEE0,368
sub_0024BEE0,0x0024BEE0,0x0024C020,320
sub_0024C020,0x0024C020,0x0024C058,56
sub_0024C058,0x0024C058,0x0024C090,56
sub_0024C090,0x0024C090,0x0024C250,448
sub_0024C250,0x0024C250,0x0024C3E8,408
sub_0024C3E8,0x0024C3E8,0x0024C420,56
sub_0024C420,0x0024C420,0x0024C458,56
sub_0024C458,0x0024C458,0x0024C5F8,416
sub_0024C5F8,0x0024C5F8,0x0024C770,376
sub_0024C770,0x0024C770,0x0024C7A8,56
sub_0024C7A8,0x0024C7A8,0x0024C7E0,56
sub_0024C7E0,0x0024C7E0,0x0024C948,360
sub_0024C948,0x0024C948,0x0024CA80,312
sub_0024CA80,0x0024CA80,0x0024CAB8,56
sub_0024CAB8,0x0024CAB8,0x0024CC20,360
sub_0024CC20,0x0024CC20,0x0024CD58,312
sub_0024CD58,0x0024CD58,0x0024CD90,56
sub_0024CD90,0x0024CD90,0x0024CDC8,56
sub_0024CDC8,0x0024CDC8,0x0024CFC8,512
sub_0024CFC8,0x0024CFC8,0x0024D0F0,296
sub_0024D0F0,0x0024D0F0,0x0024D128,56
sub_0024D128,0x0024D128,0x0024D160,56
sub_0024D160,0x0024D160,0x0024D2F0,400
sub_0024D2F0,0x0024D2F0,0x0024D428,312
sub_0024D428,0x0024D428,0x0024D460,56
sub_0024D460,0x0024D460,0x0024D498,56
sub_0024D498,0x0024D498,0x0024D6F0,600
sub_0024D6F0,0x0024D6F0,0x0024D918,552
sub_0024D918,0x0024D918,0x0024D950,56
sub_0024D950,0x0024D950,0x0024D988,56
sub_0024D988,0x0024D988,0x0024DAF0,360
sub_0024DAF0,0x0024DAF0,0x0024DC28,312
sub_0024DC28,0x0024DC28,0x0024DC60,56
sub_0024DC60,0x0024DC60,0x0024DC98,56
sub_0024DC98,0x0024DC98,0x0024DE70,472
sub_0024DE70,0x0024DE70,0x0024E018,424
sub_0024E018,0x0024E018,0x0024E050,56
sub_0024E050,0x0024E050,0x0024E088,56
sub_0024E088,0x0024E088,0x0024E1F0,360
sub_0024E1F0,0x0024E1F0,0x0024E328,312
sub_0024E328,0x0024E328,0x0024E360,56
sub_0024E360,0x0024E360,0x0024E398,56
sub_0024E398,0x0024E398,0x0024E518,384
sub_0024E518,0x0024E518,0x0024E650,312
sub_0024E650,0x0024E650,0x0024E688,56
sub_0024E688,0x0024E688,0x0024E6E8,96
sub_0024E6E8,0x0024E6E8,0x0024E748,96
sub_0024E748,0x0024E748,0x0024E750,8
sub_0024E750,0x0024E750,0x0024E828,216
sub_0024E828,0x0024E828,0x0024E888,96
sub_0024E888,0x0024E888,0x0024E8E8,96
sub_0024E8E8,0x0024E8E8,0x0024E8F0,8
sub_0024E8F0,0x0024E8F0,0x0024E9C8,216
sub_0024E9C8,0x0024E9C8,0x0024EA28,96
sub_0024EA28,0x0024EA28,0x0024EA38,16
sub_0024EA38,0x0024EA38,0x0024EAC8,144
sub_0024EAC8,0x0024EAC8,0x0024EAD8,16
sub_0024EAD8,0x0024EAD8,0x0024EB40,104
sub_0024EB40,0x0024EB40,0x0024EB48,8
sub_0024EB48,0x0024EB48,0x0024EBF8,176
sub_0024EBF8,0x0024EBF8,0x0024EC58,96
sub_0024EC58,0x0024EC58,0x0024EC90,56
sub_0024EC90,0x0024EC90,0x0024ED18,136
sub_0024ED18,0x0024ED18,0x0024ED40,40
sub_0024ED40,0x0024ED40,0x0024EDA0,96
sub_0024EDA0,0x0024EDA0,0x0024EDA8,8
sub_0024EDA8,0x0024EDA8,0x0024EE58,176
sub_0024EE58,0x0024EE58,0x0024EEB8,96
sub_0024EEB8,0x0024EEB8,0x0024EED0,24
sub_0024EED0,0x0024EED0,0x0024EF58,136
sub_0024EF58,0x0024EF58,0x0024EF70,24
sub_0024EF70,0x0024EF70,0x0024EFD0,96
sub_0024EFD0,0x0024EFD0,0x0024EFD8,8
sub_0024EFD8,0x0024EFD8,0x0024F088,176
sub_0024F088,0x0024F088,0x0024F0E8,96
sub_0024F0E8,0x0024F0E8,0x0024F100,24
sub_0024F100,0x0024F100,0x0024F188,136
sub_0024F188,0x0024F188,0x0024F1A0,24
sub_0024F1A0,0x0024F1A0,0x0024F200,96
sub_0024F200,0x0024F200,0x0024F208,8
sub_0024F208,0x0024F208,0x0024F2B8,176
sub_0024F2B8,0x0024F2B8,0x0024F318,96
sub_0024F318,0x0024F318,0x0024F330,24
sub_0024F330,0x0024F330,0x0024F3B8,136
sub_0024F3B8,0x0024F3B8,0x0024F3D0,24
sub_0024F3D0,0x0024F3D0,0x0024F430,96
sub_0024F430,0x0024F430,0x0024F438,8
sub_0024F438,0x0024F438,0x0024F4E8,176
sub_0024F4E8,0x0024F4E8,0x0024F548,96
sub_0024F548,0x0024F548,0x0024F560,24
sub_0024F560,0x0024F560,0x0024F5E8,136
sub_0024F5E8,0x0024F5E8,0x0024F600,24
sub_0024F600,0x0024F600,0x0024F660,96
sub_0024F660,0x0024F660,0x0024F668,8
sub_0024F668,0x0024F668,0x0024F718,176
sub_0024F718,0x0024F718,0x0024F720,8
sub_0024F720,0x0024F720,0x0024F870,336
sub_0024F870,0x0024F870,0x0024F908,152
sub_0024F908,0x0024F908,0x0024F9A8,160
sub_0024F9A8,0x0024F9A8,0x0024F9C8,32
sub_0024F9C8,0x0024F9C8,0x0024F9F8,48
sub_0024F9F8,0x0024F9F8,0x0024FAA0,168
sub_0024FAA0,0x0024FAA0,0x0024FAA8,8
sub_0024FAA8,0x0024FAA8,0x0024FAB0,8
sub_0024FAB0,0x0024FAB0,0x0024FAB8,8
sub_0024FAB8,0x0024FAB8,0x0024FE10,856
sub_0024FE10,0x0024FE10,0x0024FE40,48
sub_0024FE40,0x0024FE40,0x0024FE48,8
sub_0024FE48,0x0024FE48,0x0024FE50,8
sub_0024FE50,0x0024FE50,0x0024FE58,8
sub_0024FE58,0x0024FE58,0x0024FE60,8
sub_0024FE60,0x0024FE60,0x0024FE68,8
sub_0024FE68,0x0024FE68,0x0024FE70,8
sub_0024FE70,0x0024FE70,0x0024FE78,8
sub_0024FE78,0x0024FE78,0x0024FE80,8
sub_0024FE80,0x0024FE80,0x0024FE88,8
sub_0024FE88,0x0024FE88,0x0024FE90,8
sub_0024FE90,0x0024FE90,0x0024FE98,8
sub_0024FE98,0x0024FE98,0x0024FFE8,336
sub_0024FFE8,0x0024FFE8,0x00250038,80
sub_00250038,0x00250038,0x00250088,80
sub_00250088,0x00250088,0x00250120,152
sub_00250120,0x00250120,0x002501C0,160
sub_002501C0,0x002501C0,0x002501E0,32
sub_002501E0,0x002501E0,0x00250218,56
sub_00250218,0x00250218,0x00250240,40
sub_00250240,0x00250240,0x00250270,48
sub_00250270,0x00250270,0x00250318,168
sub_00250318,0x00250318,0x00250320,8
sub_00250320,0x00250320,0x00250678,856
sub_00250678,0x00250678,0x00250828,432
sub_00250828,0x00250828,0x002508E8,192
sub_002508E8,0x002508E8,0x00250980,152
sub_00250980,0x00250980,0x002509B0,48
sub_002509B0,0x002509B0,0x002509B8,8
sub_002509B8,0x002509B8,0x002509C0,8
sub_002509C0,0x002509C0,0x002509C8,8
sub_002509C8,0x002509C8,0x002509D0,8
sub_002509D0,0x002509D0,0x00250AB0,224
sub_00250AB0,0x00250AB0,0x00250B88,216
sub_00250B88,0x00250B88,0x00250B90,8
sub_00250B90,0x00250B90,0x00250BA0,16
sub_00250BA0,0x00250BA0,0x00250BA8,8
sub_00250BA8,0x00250BA8,0x00250BB0,8
sub_00250BB0,0x00250BB0,0x00250BB8,8
sub_00250BB8,0x00250BB8,0x00250BC0,8
sub_00250BC0,0x00250BC0,0x00250BC8,8
sub_00250BC8,0x00250BC8,0x00250D18,336
sub_00250D18,0x00250D18,0x00250D68,80
sub_00250D68,0x00250D68,0x00250DB8,80
sub_00250DB8,0x00250DB8,0x00250E08,80
sub_00250E08,0x00250E08,0x00250EA0,152
sub_00250EA0,0x00250EA0,0x00250F40,160
sub_00250F40,0x00250F40,0x00250F60,32
sub_00250F60,0x00250F60,0x00250F98,56
sub_00250F98,0x00250F98,0x00250FC0,40
sub_00250FC0,0x00250FC0,0x00250FF0,48
sub_00250FF0,0x00250FF0,0x00251098,168
sub_00251098,0x00251098,0x00251188,240
sub_00251188,0x00251188,0x002514E0,856
sub_002514E0,0x002514E0,0x00251690,432
sub_00251690,0x00251690,0x002516C0,48
sub_002516C0,0x002516C0,0x002516C8,8
sub_002516C8,0x002516C8,0x002516D0,8
sub_002516D0,0x002516D0,0x00251850,384
sub_00251850,0x00251850,0x002519C8,376
sub_002519C8,0x002519C8,0x002519D0,8
sub_002519D0,0x002519D0,0x002519E0,16
sub_002519E0,0x002519E0,0x00251A18,56
sub_00251A18,0x00251A18,0x00251B88,368
sub_00251B88,0x00251B88,0x00251CC0,312
sub_00251CC0,0x00251CC0,0x00251CF8,56
sub_00251CF8,0x00251CF8,0x00251D00,8
sub_00251D00,0x00251D00,0x00251D88,136
sub_00251D88,0x00251D88,0x00251D90,8
sub_00251D90,0x00251D90,0x00251D98,8
sub_00251D98,0x00251D98,0x00251DA0,8
sub_00251DA0,0x00251DA0,0x00251E28,136
sub_00251E28,0x00251E28,0x00251E30,8
sub_00251E30,0x00251E30,0x00251E38,8
sub_00251E38,0x00251E38,0x00251E40,8
sub_00251E40,0x00251E40,0x00251E48,8
sub_00251E48,0x00251E48,0x00251ED0,136
sub_00251ED0,0x00251ED0,0x00251ED8,8
sub_00251ED8,0x00251ED8,0x00251EE0,8
sub_00251EE0,0x00251EE0,0x00251EE8,8
sub_00251EE8,0x00251EE8,0x00251F70,136
sub_00251F70,0x00251F70,0x00251F78,8
sub_00251F78,0x00251F78,0x00251F80,8
sub_00251F80,0x00251F80,0x00251F88,8
sub_00251F88,0x00251F88,0x00252010,136
sub_00252010,0x00252010,0x00252018,8
sub_00252018,0x00252018,0x00252020,8
sub_00252020,0x00252020,0x00252028,8
sub_00252028,0x00252028,0x002520B0,136
sub_002520B0,0x002520B0,0x002520B8,8
sub_002520B8,0x002520B8,0x002520C0,8
sub_002520C0,0x002520C0,0x002520C8,8
sub_002520C8,0x002520C8,0x00252150,136
sub_00252150,0x00252150,0x00252158,8
sub_00252158,0x00252158,0x00252160,8
sub_00252160,0x00252160,0x00252168,8
sub_00252168,0x00252168,0x00252170,8
sub_00252170,0x00252170,0x002522C0,336
sub_002522C0,0x002522C0,0x002524D0,528
sub_002524D0,0x002524D0,0x00252520,80
sub_00252520,0x00252520,0x00252570,80
sub_00252570,0x00252570,0x002525C0,80
sub_002525C0,0x002525C0,0x00252660,160
sub_00252660,0x00252660,0x00252690,48
sub_00252690,0x00252690,0x002526C0,48
sub_002526C0,0x002526C0,0x002526D0,16
sub_002526D0,0x002526D0,0x00252758,136
sub_00252758,0x00252758,0x00252760,8
sub_00252760,0x00252760,0x00252778,24
sub_00252778,0x00252778,0x00252790,24
sub_00252790,0x00252790,0x002527F0,96
sub_002527F0,0x002527F0,0x002528A0,176
sub_002528A0,0x002528A0,0x002528A8,8
sub_002528A8,0x002528A8,0x002529F8,336
sub_002529F8,0x002529F8,0x00252A48,80
sub_00252A48,0x00252A48,0x00252A98,80
sub_00252A98,0x00252A98,0x00252B30,152
sub_00252B30,0x00252B30,0x00252BD0,160
sub_00252BD0,0x00252BD0,0x00252C00,48
sub_00252C00,0x00252C00,0x00252C30,48
sub_00252C30,0x00252C30,0x00252C38,8
sub_00252C38,0x00252C38,0x00252C40,8
sub_00252C40,0x00252C40,0x00252C48,8
sub_00252C48,0x00252C48,0x00252DC8,384
sub_00252DC8,0x00252DC8,0x00252F40,376
sub_00252F40,0x00252F40,0x00252F48,8
sub_00252F48,0x00252F48,0x00252F50,8
sub_00252F50,0x00252F50,0x002530F8,424
sub_002530F8,0x002530F8,0x002532A8,432
sub_002532A8,0x002532A8,0x002532F0,72
sub_002532F0,0x002532F0,0x00253340,80
sub_00253340,0x00253340,0x00253508,456
sub_00253508,0x00253508,0x002536E0,472
sub_002536E0,0x002536E0,0x002538A8,456
sub_002538A8,0x002538A8,0x00253A78,464
sub_00253A78,0x00253A78,0x00253AD0,88
sub_00253AD0,0x00253AD0,0x00253B30,96
sub_00253B30,0x00253B30,0x00253D18,488
sub_00253D18,0x00253D18,0x00253F10,504
sub_00253F10,0x00253F10,0x002540C0,432
sub_002540C0,0x002540C0,0x00254278,440
sub_00254278,0x00254278,0x002542C0,72
sub_002542C0,0x002542C0,0x00254310,80
sub_00254310,0x00254310,0x002544E8,472
sub_002544E8,0x002544E8,0x002546C0,472
sub_002546C0,0x002546C0,0x00254918,600
sub_00254918,0x00254918,0x00254B70,600
sub_00254B70,0x00254B70,0x00254C28,184
sub_00254C28,0x00254C28,0x00254CE8,192
sub_00254CE8,0x00254CE8,0x00254F60,632
sub_00254F60,0x00254F60,0x002551E0,640
sub_002551E0,0x002551E0,0x002553E0,512
sub_002553E0,0x002553E0,0x002555F0,528
sub_002555F0,0x002555F0,0x00255660,112
sub_00255660,0x00255660,0x002556E0,128
sub_002556E0,0x002556E0,0x00255908,552
sub_00255908,0x00255908,0x00255B38,560
sub_00255B38,0x00255B38,0x00255CE0,424
sub_00255CE0,0x00255CE0,0x00255E90,432
sub_00255E90,0x00255E90,0x00255EC8,56
sub_00255EC8,0x00255EC8,0x00255F08,64
sub_00255F08,0x00255F08,0x002560D0,456
sub_002560D0,0x002560D0,0x002562A8,472
sub_002562A8,0x002562A8,0x00256470,456
sub_00256470,0x00256470,0x00256648,472
sub_00256648,0x00256648,0x00256698,80
sub_00256698,0x00256698,0x002566F8,96
sub_002566F8,0x002566F8,0x002568E8,496
sub_002568E8,0x002568E8,0x00256AE0,504
sub_00256AE0,0x00256AE0,0x00256EA0,960
sub_00256EA0,0x00256EA0,0x00257280,992
sub_00257280,0x00257280,0x002573A8,296
sub_002573A8,0x002573A8,0x002574D8,304
sub_002574D8,0x002574D8,0x002578C8,1008
sub_002578C8,0x002578C8,0x00257CD8,1040
sub_00257CD8,0x00257CD8,0x00257D00,40
sub_00257D00,0x00257D00,0x00257D48,72
sub_00257D48,0x00257D48,0x00257D90,72
sub_00257D90,0x00257D90,0x00257DD8,72
sub_00257DD8,0x00257DD8,0x00257E20,72
sub_00257E20,0x00257E20,0x00257E48,40
sub_00257E48,0x00257E48,0x00257E70,40
sub_00257E70,0x00257E70,0x00257EB8,72
sub_00257EB8,0x00257EB8,0x00257F00,72
sub_00257F00,0x00257F00,0x00257F48,72
sub_00257F48,0x00257F48,0x00257F90,72
sub_00257F90,0x00257F90,0x00257FD8,72
sub_00257FD8,0x00257FD8,0x00258020,72
sub_00258020,0x00258020,0x00258068,72
sub_00258068,0x00258068,0x002580B0,72
sub_002580B0,0x002580B0,0x002580F8,72
sub_002580F8,0x002580F8,0x00258140,72
sub_00258140,0x00258140,0x00258188,72
sub_00258188,0x00258188,0x002581D0,72
sub_002581D0,0x002581D0,0x00258218,72
sub_00258218,0x00258218,0x00258260,72
sub_00258260,0x00258260,0x002582A8,72
sub_002582A8,0x002582A8,0x002582F0,72
sub_002582F0,0x002582F0,0x00258338,72
sub_00258338,0x00258338,0x00258380,72
sub_00258380,0x00258380,0x002583C8,72
sub_002583C8,0x002583C8,0x00258410,72
sub_00258410,0x00258410,0x00258458,72
sub_00258458,0x00258458,0x002584A0,72
sub_002584A0,0x002584A0,0x002584E8,72
sub_002584E8,0x002584E8,0x00258530,72
sub_00258530,0x00258530,0x00258578,72
sub_00258578,0x00258578,0x002585C0,72
sub_002585C0,0x002585C0,0x00258608,72
sub_00258608,0x00258608,0x00258650,72
sub_00258650,0x00258650,0x00258698,72
sub_00258698,0x00258698,0x002586E0,72
sub_002586E0,0x002586E0,0x00258728,72
sub_00258728,0x00258728,0x00258770,72
sub_00258770,0x00258770,0x002587B8,72
sub_002587B8,0x002587B8,0x00258800,72
sub_00258800,0x00258800,0x00258848,72
sub_00258848,0x00258848,0x00258890,72
sub_00258890,0x00258890,0x002588D8,72
sub_002588D8,0x002588D8,0x00258920,72
sub_00258920,0x00258920,0x00258968,72
sub_00258968,0x00258968,0x002589B0,72
sub_002589B0,0x002589B0,0x002589F8,72
sub_002589F8,0x002589F8,0x00258A40,72
sub_00258A40,0x00258A40,0x00258A88,72
sub_00258A88,0x00258A88,0x00258AD0,72
sub_00258AD0,0x00258AD0,0x00258B18,72
sub_00258B18,0x00258B18,0x00258B40,40
sub_00258B40,0x00258B40,0x00258B60,32
sub_00258B60,0x00258B60,0x00258B98,56
sub_00258B98,0x00258B98,0x00258BC0,40
sub_00258BC0,0x00258BC0,0x00258BD8,24
sub_00258BD8,0x00258BD8,0x00258D00,296
sub_00258D00,0x00258D00,0x00258D38,56
sub_00258D38,0x00258D38,0x00258D40,8
sub_00258D40,0x00258D40,0x00258D48,8
sub_00258D48,0x00258D48,0x00258D50,8
sub_00258D50,0x00258D50,0x00258D58,8
sub_00258D58,0x00258D58,0x00258D60,8
sub_00258D60,0x00258D60,0x00258D90,48
sub_00258D90,0x00258D90,0x00258DD8,72
sub_00258DD8,0x00258DD8,0x00258DE0,8
sub_00258DE0,0x00258DE0,0x00258E40,96
sub_00258E40,0x00258E40,0x00258E70,48
sub_00258E70,0x00258E70,0x00258ED8,104
sub_00258ED8,0x00258ED8,0x00258F08,48
sub_00258F08,0x00258F08,0x00258F70,104
sub_00258F70,0x00258F70,0x00258FA0,48
sub_00258FA0,0x00258FA0,0x00259008,104
sub_00259008,0x00259008,0x00259020,24
sub_00259020,0x00259020,0x00259038,24
sub_00259038,0x00259038,0x00259068,48
sub_00259068,0x00259068,0x00259098,48
sub_00259098,0x00259098,0x00259100,104
sub_00259100,0x00259100,0x00259110,16
sub_00259110,0x00259110,0x002591C0,176
sub_002591C0,0x002591C0,0x002591C8,8
sub_002591C8,0x002591C8,0x002591D0,8
sub_002591D0,0x002591D0,0x00259208,56
sub_00259208,0x00259208,0x00259218,16
sub_00259218,0x00259218,0x00259220,8
sub_00259220,0x00259220,0x00259240,32
sub_00259240,0x00259240,0x00259268,40
sub_00259268,0x00259268,0x002592F8,144
sub_002592F8,0x002592F8,0x00259348,80
sub_00259348,0x00259348,0x00259380,56
sub_00259380,0x00259380,0x002593A0,32
sub_002593A0,0x002593A0,0x002593C0,32
sub_002593C0,0x002593C0,0x00259410,80
sub_00259410,0x00259410,0x00259430,32
sub_00259430,0x00259430,0x00259480,80
sub_00259480,0x00259480,0x00259490,16
sub_00259490,0x00259490,0x002594C8,56
sub_002594C8,0x002594C8,0x00259500,56
sub_00259500,0x00259500,0x002595B8,184
sub_002595B8,0x002595B8,0x00259640,136
sub_00259640,0x00259640,0x00259688,72
sub_00259688,0x00259688,0x002596A8,32
sub_002596A8,0x002596A8,0x002596B0,8
sub_002596B0,0x002596B0,0x00259798,232
sub_00259798,0x00259798,0x002597E8,80
sub_002597E8,0x002597E8,0x00259818,48
sub_00259818,0x00259818,0x00259880,104
sub_00259880,0x00259880,0x002598B0,48
sub_002598B0,0x002598B0,0x002598D0,32
sub_002598D0,0x002598D0,0x00259930,96
sub_00259930,0x00259930,0x00259990,96
sub_00259990,0x00259990,0x002599F0,96
sub_002599F0,0x002599F0,0x00259A00,16
sub_00259A00,0x00259A00,0x00259A88,136
sub_00259A88,0x00259A88,0x00259A90,8
sub_00259A90,0x00259A90,0x00259A98,8
sub_00259A98,0x00259A98,0x00259AE0,72
sub_00259AE0,0x00259AE0,0x00259B40,96
sub_00259B40,0x00259B40,0x00259BA0,96
sub_00259BA0,0x00259BA0,0x00259C00,96
sub_00259C00,0x00259C00,0x00259C60,96
sub_00259C60,0x00259C60,0x00259CC0,96
sub_00259CC0,0x00259CC0,0x00259D20,96
sub_00259D20,0x00259D20,0x00259D80,96
sub_00259D80,0x00259D80,0x00259DE0,96
sub_00259DE0,0x00259DE0,0x00259E40,96
sub_00259E40,0x00259E40,0x00259EA0,96
sub_00259EA0,0x00259EA0,0x00259F00,96
sub_00259F00,0x00259F00,0x00259F38,56
sub_00259F38,0x00259F38,0x00259F70,56
sub_00259F70,0x00259F70,0x00259FA8,56
sub_00259FA8,0x00259FA8,0x00259FE0,56
sub_00259FE0,0x00259FE0,0x0025A030,80
sub_0025A030,0x0025A030,0x0025A088,88
sub_0025A088,0x0025A088,0x0025A0F8,112
sub_0025A0F8,0x0025A0F8,0x0025A188,144
sub_0025A188,0x0025A188,0x0025A1D8,80
sub_0025A1D8,0x0025A1D8,0x0025A220,72
sub_0025A220,0x0025A220,0x0025A2A8,136
sub_0025A2A8,0x0025A2A8,0x0025A338,144
sub_0025A338,0x0025A338,0x0025A3A0,104
sub_0025A3A0,0x0025A3A0,0x0025A408,104
sub_0025A408,0x0025A408,0x0025A440,56
sub_0025A440,0x0025A440,0x0025A4A8,104
sub_0025A4A8,0x0025A4A8,0x0025A4D0,40
sub_0025A4D0,0x0025A4D0,0x0025A500,48
sub_0025A500,0x0025A500,0x0025A568,104
sub_0025A568,0x0025A568,0x0025A588,32
sub_0025A588,0x0025A588,0x0025A5E0,88
sub_0025A5E0,0x0025A5E0,0x0025A5E8,8
sub_0025A5E8,0x0025A5E8,0x0025A648,96
sub_0025A648,0x0025A648,0x0025A6A8,96
sub_0025A6A8,0x0025A6A8,0x0025A7D0,296
sub_0025A7D0,0x0025A7D0,0x0025A8F8,296
sub_0025A8F8,0x0025A8F8,0x0025A958,96
sub_0025A958,0x0025A958,0x0025A960,8
sub_0025A960,0x0025A960,0x0025A990,48
sub_0025A990,0x0025A990,0x0025A9E0,80
sub_0025A9E0,0x0025A9E0,0x0025AA28,72
sub_0025AA28,0x0025AA28,0x0025AA70,72
sub_0025AA70,0x0025AA70,0x0025AA78,8
sub_0025AA78,0x0025AA78,0x0025ADC0,840
sub_0025ADC0,0x0025ADC0,0x0025AE28,104
sub_0025AE28,0x0025AE28,0x0025AE38,16
sub_0025AE38,0x0025AE38,0x0025AE58,32
sub_0025AE58,0x0025AE58,0x0025AEC0,104
sub_0025AEC0,0x0025AEC0,0x0025AF08,72
sub_0025AF08,0x0025AF08,0x0025AF50,72
sub_0025AF50,0x0025AF50,0x0025AF98,72
sub_0025AF98,0x0025AF98,0x0025AFE0,72
sub_0025AFE0,0x0025AFE0,0x0025B028,72
sub_0025B028,0x0025B028,0x0025B0A0,120
sub_0025B0A0,0x0025B0A0,0x0025B0A8,8
sub_0025B0A8,0x0025B0A8,0x0025B0B0,8
sub_0025B0B0,0x0025B0B0,0x0025B0B8,8
sub_0025B0B8,0x0025B0B8,0x0025B100,72
sub_0025B100,0x0025B100,0x0025B148,72
sub_0025B148,0x0025B148,0x0025B1C0,120
sub_0025B1C0,0x0025B1C0,0x0025B1C8,8
sub_0025B1C8,0x0025B1C8,0x0025B1D0,8
sub_0025B1D0,0x0025B1D0,0x0025B1D8,8
sub_0025B1D8,0x0025B1D8,0x0025B220,72
sub_0025B220,0x0025B220,0x0025B268,72
sub_0025B268,0x0025B268,0x0025B2E0,120
sub_0025B2E0,0x0025B2E0,0x0025B2E8,8
sub_0025B2E8,0x0025B2E8,0x0025B2F0,8
sub_0025B2F0,0x0025B2F0,0x0025B2F8,8
sub_0025B2F8,0x0025B2F8,0x0025B340,72
sub_0025B340,0x0025B340,0x0025B388,72
sub_0025B388,0x0025B388,0x0025B390,8
sub_0025B390,0x0025B390,0x0025B3C0,48
sub_0025B3C0,0x0025B3C0,0x0025B408,72
sub_0025B408,0x0025B408,0x0025B450,72
sub_0025B450,0x0025B450,0x0025B498,72
sub_0025B498,0x0025B498,0x0025B4E0,72
sub_0025B4E0,0x0025B4E0,0x0025B528,72
sub_0025B528,0x0025B528,0x0025B530,8
sub_0025B530,0x0025B530,0x0025B538,8
sub_0025B538,0x0025B538,0x0025B580,72
sub_0025B580,0x0025B580,0x0025B588,8
sub_0025B588,0x0025B588,0x0025B590,8
sub_0025B590,0x0025B590,0x0025B5D8,72
sub_0025B5D8,0x0025B5D8,0x0025B620,72
sub_0025B620,0x0025B620,0x0025B628,8
sub_0025B628,0x0025B628,0x0025B630,8
sub_0025B630,0x0025B630,0x0025B678,72
sub_0025B678,0x0025B678,0x0025B6B0,56
sub_0025B6B0,0x0025B6B0,0x0025B6D0,32
sub_0025B6D0,0x0025B6D0,0x0025B6D8,8
sub_0025B6D8,0x0025B6D8,0x0025B710,56
sub_0025B710,0x0025B710,0x0025B730,32
sub_0025B730,0x0025B730,0x0025B768,56
sub_0025B768,0x0025B768,0x0025B788,32
sub_0025B788,0x0025B788,0x0025B7C0,56
sub_0025B7C0,0x0025B7C0,0x0025B7E0,32
sub_0025B7E0,0x0025B7E0,0x0025B828,72
sub_0025B828,0x0025B828,0x0025B848,32
sub_0025B848,0x0025B848,0x0025B890,72
sub_0025B890,0x0025B890,0x0025B8B0,32
sub_0025B8B0,0x0025B8B0,0x0025B8E8,56
sub_0025B8E8,0x0025B8E8,0x0025B908,32
sub_0025B908,0x0025B908,0x0025B950,72
sub_0025B950,0x0025B950,0x0025B970,32
sub_0025B970,0x0025B970,0x0025B9B8,72
sub_0025B9B8,0x0025B9B8,0x0025B9D8,32
sub_0025B9D8,0x0025B9D8,0x0025BA08,48
sub_0025BA08,0x0025BA08,0x0025BA10,8
sub_0025BA10,0x0025BA10,0x0025BA40,48
sub_0025BA40,0x0025BA40,0x0025BA60,32
sub_0025BA60,0x0025BA60,0x0025BA98,56
sub_0025BA98,0x0025BA98,0x0025BAB8,32
sub_0025BAB8,0x0025BAB8,0x0025BAF0,56
sub_0025BAF0,0x0025BAF0,0x0025BB10,32
sub_0025BB10,0x0025BB10,0x0025BB48,56
sub_0025BB48,0x0025BB48,0x0025BB68,32
sub_0025BB68,0x0025BB68,0x0025BBA0,56
sub_0025BBA0,0x0025BBA0,0x0025BBC0,32
sub_0025BBC0,0x0025BBC0,0x0025BBC8,8
sub_0025BBC8,0x0025BBC8,0x0025BBF8,48
sub_0025BBF8,0x0025BBF8,0x0025BC60,104
sub_0025BC60,0x0025BC60,0x0025BC90,48
sub_0025BC90,0x0025BC90,0x0025BCF8,104
sub_0025BCF8,0x0025BCF8,0x0025BEC8,464
sub_0025BEC8,0x0025BEC8,0x0025C098,464
sub_0025C098,0x0025C098,0x0025C268,464
sub_0025C268,0x0025C268,0x0025C298,48
sub_0025C298,0x0025C298,0x0025C2B8,32
sub_0025C2B8,0x0025C2B8,0x0025C2C0,8
sub_0025C2C0,0x0025C2C0,0x0025C2C8,8
sub_0025C2C8,0x0025C2C8,0x0025C2D0,8
sub_0025C2D0,0x0025C2D0,0x0025C2D8,8
sub_0025C2D8,0x0025C2D8,0x0025C2F8,32
sub_0025C2F8,0x0025C2F8,0x0025C300,8
sub_0025C300,0x0025C300,0x0025C308,8
sub_0025C308,0x0025C308,0x0025C328,32
sub_0025C328,0x0025C328,0x0025C330,8
sub_0025C330,0x0025C330,0x0025C338,8
sub_0025C338,0x0025C338,0x0025C340,8
sub_0025C340,0x0025C340,0x0025C348,8
sub_0025C348,0x0025C348,0x0025C350,8
sub_0025C350,0x0025C350,0x0025C358,8
sub_0025C358,0x0025C358,0x0025C360,8
sub_0025C360,0x0025C360,0x0025C368,8
sub_0025C368,0x0025C368,0x0025C370,8
sub_0025C370,0x0025C370,0x0025C378,8
sub_0025C378,0x0025C378,0x0025C398,32
sub_0025C398,0x0025C398,0x0025C3B8,32
sub_0025C3B8,0x0025C3B8,0x0025C3D8,32
sub_0025C3D8,0x0025C3D8,0x0025C3F8,32
sub_0025C3F8,0x0025C3F8,0x0025C418,32
sub_0025C418,0x0025C418,0x0025C438,32
sub_0025C438,0x0025C438,0x0025C440,8
sub_0025C440,0x0025C440,0x0025C460,32
sub_0025C460,0x0025C460,0x0025C480,32
sub_0025C480,0x0025C480,0x0025C4A0,32
sub_0025C4A0,0x0025C4A0,0x0025C4C0,32
sub_0025C4C0,0x0025C4C0,0x0025C4E0,32
sub_0025C4E0,0x0025C4E0,0x0025C4E8,8
sub_0025C4E8,0x0025C4E8,0x0025C4F0,8
sub_0025C4F0,0x0025C4F0,0x0025C510,32
sub_0025C510,0x0025C510,0x0025C530,32
sub_0025C530,0x0025C530,0x0025C550,32
sub_0025C550,0x0025C550,0x0025C558,8
sub_0025C558,0x0025C558,0x0025C560,8
sub_0025C560,0x0025C560,0x0025C568,8
sub_0025C568,0x0025C568,0x0025C588,32
sub_0025C588,0x0025C588,0x0025C5A8,32
sub_0025C5A8,0x0025C5A8,0x0025C5F8,80
sub_0025C5F8,0x0025C5F8,0x0025C600,8
sub_0025C600,0x0025C600,0x0025C650,80
sub_0025C650,0x0025C650,0x0025C6F0,160
sub_0025C6F0,0x0025C6F0,0x0025CDB8,1736
sub_0025CDB8,0x0025CDB8,0x0025CDF8,64
sub_0025CDF8,0x0025CDF8,0x0025CE58,96
sub_0025CE58,0x0025CE58,0x0025CE78,32
sub_0025CE78,0x0025CE78,0x0025CEB8,64
sub_0025CEB8,0x0025CEB8,0x0025CEF8,64
sub_0025CEF8,0x0025CEF8,0x0025CF18,32
sub_0025CF18,0x0025CF18,0x0025D058,320
sub_0025D058,0x0025D058,0x0025D098,64
sub_0025D098,0x0025D098,0x0025D0B8,32
sub_0025D0B8,0x0025D0B8,0x0025D0F8,64
sub_0025D0F8,0x0025D0F8,0x0025D138,64
sub_0025D138,0x0025D138,0x0025D158,32
sub_0025D158,0x0025D158,0x0025D198,64
sub_0025D198,0x0025D198,0x0025D1F8,96
sub_0025D1F8,0x0025D1F8,0x0025D218,32
sub_0025D218,0x0025D218,0x0025D258,64
sub_0025D258,0x0025D258,0x0025D2B8,96
sub_0025D2B8,0x0025D2B8,0x0025D2D8,32
sub_0025D2D8,0x0025D2D8,0x0025D318,64
sub_0025D318,0x0025D318,0x0025D378,96
sub_0025D378,0x0025D378,0x0025D398,32
sub_0025D398,0x0025D398,0x0025D3D8,64
sub_0025D3D8,0x0025D3D8,0x0025D438,96
sub_0025D438,0x0025D438,0x0025D458,32
sub_0025D458,0x0025D458,0x0025D498,64
sub_0025D498,0x0025D498,0x0025D4F8,96
sub_0025D4F8,0x0025D4F8,0x0025D518,32
sub_0025D518,0x0025D518,0x0025D558,64
sub_0025D558,0x0025D558,0x0025D5B8,96
sub_0025D5B8,0x0025D5B8,0x0025D5D8,32
sub_0025D5D8,0x0025D5D8,0x0025D618,64
sub_0025D618,0x0025D618,0x0025D678,96
sub_0025D678,0x0025D678,0x0025D698,32
sub_0025D698,0x0025D698,0x0025D6D8,64
sub_0025D6D8,0x0025D6D8,0x0025D738,96
sub_0025D738,0x0025D738,0x0025D758,32
sub_0025D758,0x0025D758,0x0025D798,64
sub_0025D798,0x0025D798,0x0025D800,104
sub_0025D800,0x0025D800,0x0025D820,32
sub_0025D820,0x0025D820,0x0025D860,64
sub_0025D860,0x0025D860,0x0025D8A0,64
sub_0025D8A0,0x0025D8A0,0x0025D8C0,32
sub_0025D8C0,0x0025D8C0,0x0025D950,144
sub_0025D950,0x0025D950,0x0025E018,1736
sub_0025E018,0x0025E018,0x0025E6E0,1736
sub_0025E6E0,0x0025E6E0,0x0025EDA8,1736
sub_0025EDA8,0x0025EDA8,0x0025F470,1736
sub_0025F470,0x0025F470,0x0025FB38,1736
sub_0025FB38,0x0025FB38,0x00260200,1736
sub_00260200,0x00260200,0x002608C8,1736
sub_002608C8,0x002608C8,0x00260F90,1736
sub_00260F90,0x00260F90,0x00261658,1736
sub_00261658,0x00261658,0x002616E8,144
sub_002616E8,0x002616E8,0x002616F0,8
sub_002616F0,0x002616F0,0x002618C0,464
sub_002618C0,0x002618C0,0x00261A90,464
sub_00261A90,0x00261A90,0x00261C60,464
sub_00261C60,0x00261C60,0x00261E30,464
sub_00261E30,0x00261E30,0x00262100,720
sub_00262100,0x00262100,0x002623D8,728
sub_002623D8,0x002623D8,0x00262678,672
sub_00262678,0x00262678,0x002628E8,624
sub_002628E8,0x002628E8,0x00262BB0,712
sub_00262BB0,0x00262BB0,0x00262E50,672
sub_00262E50,0x00262E50,0x00262EA8,88
sub_00262EA8,0x00262EA8,0x00262F00,88
sub_00262F00,0x00262F00,0x00262F58,88
sub_00262F58,0x00262F58,0x00262FB0,88
sub_00262FB0,0x00262FB0,0x00263008,88
sub_00263008,0x00263008,0x00263060,88
sub_00263060,0x00263060,0x002630B8,88
sub_002630B8,0x002630B8,0x00263110,88
sub_00263110,0x00263110,0x00263168,88
sub_00263168,0x00263168,0x002631C0,88
sub_002631C0,0x002631C0,0x002631E0,32
sub_002631E0,0x002631E0,0x00263218,56
sub_00263218,0x00263218,0x00263298,128
sub_00263298,0x00263298,0x002632D0,56
sub_002632D0,0x002632D0,0x002632F0,32
sub_002632F0,0x002632F0,0x00263330,64
sub_00263330,0x00263330,0x00263388,88
sub_00263388,0x00263388,0x00263478,240
sub_00263478,0x00263478,0x002639D8,1376
sub_002639D8,0x002639D8,0x00263A20,72
sub_00263A20,0x00263A20,0x00263A88,104
sub_00263A88,0x00263A88,0x00263D08,640
sub_00263D08,0x00263D08,0x00263D50,72
sub_00263D50,0x00263D50,0x00263DE8,152
sub_00263DE8,0x00263DE8,0x00263F80,408
sub_00263F80,0x00263F80,0x00264000,128
sub_00264000,0x00264000,0x002640F0,240
sub_002640F0,0x002640F0,0x00264138,72
sub_00264138,0x00264138,0x00264A00,2248
sub_00264A00,0x00264A00,0x00264A48,72
sub_00264A48,0x00264A48,0x00264AB0,104
sub_00264AB0,0x00264AB0,0x00264B18,104
sub_00264B18,0x00264B18,0x00264BA0,136
sub_00264BA0,0x00264BA0,0x00264D88,488
sub_00264D88,0x00264D88,0x00264DB8,48
sub_00264DB8,0x00264DB8,0x00264FA8,496
sub_00264FA8,0x00264FA8,0x00264FD8,48
sub_00264FD8,0x00264FD8,0x002651F0,536
sub_002651F0,0x002651F0,0x00265220,48
sub_00265220,0x00265220,0x00265310,240
sub_00265310,0x00265310,0x00265340,48
sub_00265340,0x00265340,0x002653A0,96
sub_002653A0,0x002653A0,0x002653D0,48
sub_002653D0,0x002653D0,0x00265610,576
sub_00265610,0x00265610,0x00265640,48
sub_00265640,0x00265640,0x00265780,320
sub_00265780,0x00265780,0x002657B0,48
sub_002657B0,0x002657B0,0x002659B0,512
sub_002659B0,0x002659B0,0x002659E0,48
sub_002659E0,0x002659E0,0x00265B20,320
sub_00265B20,0x00265B20,0x00265B50,48
sub_00265B50,0x00265B50,0x00265D50,512
sub_00265D50,0x00265D50,0x00265D80,48
sub_00265D80,0x00265D80,0x00265EC0,320
sub_00265EC0,0x00265EC0,0x00265EF0,48
sub_00265EF0,0x00265EF0,0x00265FC8,216
sub_00265FC8,0x00265FC8,0x00265FF8,48
sub_00265FF8,0x00265FF8,0x00266108,272
sub_00266108,0x00266108,0x00266138,48
sub_00266138,0x00266138,0x00266338,512
sub_00266338,0x00266338,0x00266368,48
sub_00266368,0x00266368,0x00266440,216
sub_00266440,0x00266440,0x00266470,48
sub_00266470,0x00266470,0x00266528,184
sub_00266528,0x00266528,0x00266558,48
sub_00266558,0x00266558,0x00266610,184
sub_00266610,0x00266610,0x00266640,48
sub_00266640,0x00266640,0x00266948,776
sub_00266948,0x00266948,0x00266978,48
sub_00266978,0x00266978,0x002669F8,128
sub_002669F8,0x002669F8,0x00266A28,48
sub_00266A28,0x00266A28,0x00266B40,280
sub_00266B40,0x00266B40,0x00266B98,88
sub_00266B98,0x00266B98,0x00266BF0,88
sub_00266BF0,0x00266BF0,0x00266BF8,8
sub_00266BF8,0x00266BF8,0x00266C50,88
sub_00266C50,0x00266C50,0x00266CA8,88
sub_00266CA8,0x00266CA8,0x00266D00,88
sub_00266D00,0x00266D00,0x00266D58,88
sub_00266D58,0x00266D58,0x00266E98,320
sub_00266E98,0x00266E98,0x00267468,1488
sub_00267468,0x00267468,0x00267470,8
sub_00267470,0x00267470,0x00267478,8
sub_00267478,0x00267478,0x002675B8,320
sub_002675B8,0x002675B8,0x00267B88,1488
sub_00267B88,0x00267B88,0x00267B90,8
sub_00267B90,0x00267B90,0x00267B98,8
sub_00267B98,0x00267B98,0x00267CD8,320
sub_00267CD8,0x00267CD8,0x002682A8,1488
sub_002682A8,0x002682A8,0x002682B0,8
sub_002682B0,0x002682B0,0x002682B8,8
sub_002682B8,0x002682B8,0x002683F8,320
sub_002683F8,0x002683F8,0x002689C8,1488
sub_002689C8,0x002689C8,0x002689D0,8
sub_002689D0,0x002689D0,0x002689D8,8
sub_002689D8,0x002689D8,0x00268B58,384
sub_00268B58,0x00268B58,0x00269128,1488
sub_00269128,0x00269128,0x00269268,320
sub_00269268,0x00269268,0x00269838,1488
sub_00269838,0x00269838,0x00269840,8
sub_00269840,0x00269840,0x00269848,8
sub_00269848,0x00269848,0x00269988,320
sub_00269988,0x00269988,0x00269F58,1488
sub_00269F58,0x00269F58,0x00269F60,8
sub_00269F60,0x00269F60,0x00269F68,8
sub_00269F68,0x00269F68,0x00269FB0,72
sub_00269FB0,0x00269FB0,0x00269FB8,8
sub_00269FB8,0x00269FB8,0x00269FF0,56
sub_00269FF0,0x00269FF0,0x0026A010,32
sub_0026A010,0x0026A010,0x0026A040,48
sub_0026A040,0x0026A040,0x0026A088,72
sub_0026A088,0x0026A088,0x0026A188,256
sub_0026A188,0x0026A188,0x0026A200,120
sub_0026A200,0x0026A200,0x0026A278,120
sub_0026A278,0x0026A278,0x0026A438,448
sub_0026A438,0x0026A438,0x0026A468,48
sub_0026A468,0x0026A468,0x0026A5F0,392
sub_0026A5F0,0x0026A5F0,0x0026A638,72
sub_0026A638,0x0026A638,0x0026A680,72
sub_0026A680,0x0026A680,0x0026A6C8,72
sub_0026A6C8,0x0026A6C8,0x0026A780,184
sub_0026A780,0x0026A780,0x0026A7B0,48
sub_0026A7B0,0x0026A7B0,0x0026A7F8,72
sub_0026A7F8,0x0026A7F8,0x0026A840,72
sub_0026A840,0x0026A840,0x0026A888,72
sub_0026A888,0x0026A888,0x0026A8C0,56
sub_0026A8C0,0x0026A8C0,0x0026A8F8,56
sub_0026A8F8,0x0026A8F8,0x0026A960,104
sub_0026A960,0x0026A960,0x0026A998,56
sub_0026A998,0x0026A998,0x0026A9B8,32
sub_0026A9B8,0x0026A9B8,0x0026A9D8,32
sub_0026A9D8,0x0026A9D8,0x0026A9F8,32
sub_0026A9F8,0x0026A9F8,0x0026AA40,72
sub_0026AA40,0x0026AA40,0x0026AA60,32
sub_0026AA60,0x0026AA60,0x0026AA80,32
sub_0026AA80,0x0026AA80,0x0026AAB0,48
sub_0026AAB0,0x0026AAB0,0x0026AB10,96
sub_0026AB10,0x0026AB10,0x0026AB40,48
sub_0026AB40,0x0026AB40,0x0026ABD8,152
sub_0026ABD8,0x0026ABD8,0x0026AC58,128
sub_0026AC58,0x0026AC58,0x0026ADC0,360
sub_0026ADC0,0x0026ADC0,0x0026AE10,80
sub_0026AE10,0x0026AE10,0x0026AEF8,232
sub_0026AEF8,0x0026AEF8,0x0026AF28,48
sub_0026AF28,0x0026AF28,0x0026B060,312
sub_0026B060,0x0026B060,0x0026B0F8,152
sub_0026B0F8,0x0026B0F8,0x0026B2E8,496
sub_0026B2E8,0x0026B2E8,0x0026B368,128
sub_0026B368,0x0026B368,0x0026B5C8,608
sub_0026B5C8,0x0026B5C8,0x0026B690,200
sub_0026B690,0x0026B690,0x0026B6B0,32
sub_0026B6B0,0x0026B6B0,0x0026B6D0,32
sub_0026B6D0,0x0026B6D0,0x0026B918,584
sub_0026B918,0x0026B918,0x0026BB30,536
sub_0026BB30,0x0026BB30,0x0026BB68,56
sub_0026BB68,0x0026BB68,0x0026BB98,48
sub_0026BB98,0x0026BB98,0x0026BC40,168
sub_0026BC40,0x0026BC40,0x0026BCF0,176
sub_0026BCF0,0x0026BCF0,0x0026BD28,56
sub_0026BD28,0x0026BD28,0x0026BD58,48
sub_0026BD58,0x0026BD58,0x0026BDA0,72
sub_0026BDA0,0x0026BDA0,0x0026BDE0,64
sub_0026BDE0,0x0026BDE0,0x0026BEF8,280
sub_0026BEF8,0x0026BEF8,0x0026BF28,48
sub_0026BF28,0x0026BF28,0x0026C150,552
sub_0026C150,0x0026C150,0x0026C478,808
sub_0026C478,0x0026C478,0x0026C4B8,64
sub_0026C4B8,0x0026C4B8,0x0026C5E8,304
sub_0026C5E8,0x0026C5E8,0x0026C5F8,16
sub_0026C5F8,0x0026C5F8,0x0026C658,96
sub_0026C658,0x0026C658,0x0026C728,208
sub_0026C728,0x0026C728,0x0026C760,56
sub_0026C760,0x0026C760,0x0026C7E0,128
sub_0026C7E0,0x0026C7E0,0x0026C818,56
sub_0026C818,0x0026C818,0x0026C848,48
sub_0026C848,0x0026C848,0x0026C8A0,88
sub_0026C8A0,0x0026C8A0,0x0026C8C8,40
sub_0026C8C8,0x0026C8C8,0x0026C900,56
sub_0026C900,0x0026C900,0x0026C940,64
sub_0026C940,0x0026C940,0x0026C980,64
sub_0026C980,0x0026C980,0x0026C9C8,72
sub_0026C9C8,0x0026C9C8,0x0026CA18,80
sub_0026CA18,0x0026CA18,0x0026CA50,56
sub_0026CA50,0x0026CA50,0x0026CA90,64
sub_0026CA90,0x0026CA90,0x0026CAD8,72
sub_0026CAD8,0x0026CAD8,0x0026CB08,48
sub_0026CB08,0x0026CB08,0x0026CB90,136
sub_0026CB90,0x0026CB90,0x0026CC80,240
sub_0026CC80,0x0026CC80,0x0026CDB8,312
sub_0026CDB8,0x0026CDB8,0x0026CE30,120
sub_0026CE30,0x0026CE30,0x0026CE98,104
sub_0026CE98,0x0026CE98,0x0026CEF8,96
sub_0026CEF8,0x0026CEF8,0x0026CF20,40
sub_0026CF20,0x0026CF20,0x0026D048,296
sub_0026D048,0x0026D048,0x0026D170,296
sub_0026D170,0x0026D170,0x0026D318,424
sub_0026D318,0x0026D318,0x0026D330,24
sub_0026D330,0x0026D330,0x0026D360,48
sub_0026D360,0x0026D360,0x0026D3C0,96
sub_0026D3C0,0x0026D3C0,0x0026D770,944
sub_0026D770,0x0026D770,0x0026D858,232
sub_0026D858,0x0026D858,0x0026D8B0,88
sub_0026D8B0,0x0026D8B0,0x0026DAD8,552
sub_0026DAD8,0x0026DAD8,0x0026DD48,624
sub_0026DD48,0x0026DD48,0x0026E270,1320
sub_0026E270,0x0026E270,0x0026E360,240
sub_0026E360,0x0026E360,0x0026E440,224
sub_0026E440,0x0026E440,0x0026E4D0,144
sub_0026E4D0,0x0026E4D0,0x0026E540,112
sub_0026E540,0x0026E540,0x0026E5D8,152
sub_0026E5D8,0x0026E5D8,0x0026E798,448
sub_0026E798,0x0026E798,0x0026EBC8,1072
sub_0026EBC8,0x0026EBC8,0x0026EBE0,24
sub_0026EBE0,0x0026EBE0,0x0026EC10,48
sub_0026EC10,0x0026EC10,0x0026EC88,120
sub_0026EC88,0x0026EC88,0x0026ECD8,80
sub_0026ECD8,0x0026ECD8,0x0026ED20,72
sub_0026ED20,0x0026ED20,0x0026ED68,72
sub_0026ED68,0x0026ED68,0x0026EDE0,120
sub_0026EDE0,0x0026EDE0,0x0026EE80,160
sub_0026EE80,0x0026EE80,0x0026EEB0,48
sub_0026EEB0,0x0026EEB0,0x0026F080,464
sub_0026F080,0x0026F080,0x0026F228,424
sub_0026F228,0x0026F228,0x0026F2F8,208
sub_0026F2F8,0x0026F2F8,0x0026F530,568
sub_0026F530,0x0026F530,0x0026F5F8,200
sub_0026F5F8,0x0026F5F8,0x0026F7B0,440
sub_0026F7B0,0x0026F7B0,0x0026FA68,696
sub_0026FA68,0x0026FA68,0x0026FBD8,368
sub_0026FBD8,0x0026FBD8,0x0026FDA0,456
sub_0026FDA0,0x0026FDA0,0x0026FE50,176
sub_0026FE50,0x0026FE50,0x0026FE60,16
sub_0026FE60,0x0026FE60,0x0026FEA8,72
sub_0026FEA8,0x0026FEA8,0x0026FEF0,72
sub_0026FEF0,0x0026FEF0,0x0026FF70,128
sub_0026FF70,0x0026FF70,0x0026FF88,24
sub_0026FF88,0x0026FF88,0x0026FFD0,72
sub_0026FFD0,0x0026FFD0,0x00270048,120
sub_00270048,0x00270048,0x002700C0,120
sub_002700C0,0x002700C0,0x00270108,72
sub_00270108,0x00270108,0x00270188,128
sub_00270188,0x00270188,0x00270258,208
sub_00270258,0x00270258,0x00270270,24
sub_00270270,0x00270270,0x00270280,16
sub_00270280,0x00270280,0x00270290,16
sub_00270290,0x00270290,0x00270300,112
sub_00270300,0x00270300,0x00270328,40
sub_00270328,0x00270328,0x00270350,40
sub_00270350,0x00270350,0x002705E0,656
sub_002705E0,0x002705E0,0x002708A0,704
sub_002708A0,0x002708A0,0x00270CC0,1056
sub_00270CC0,0x00270CC0,0x00270D80,192
sub_00270D80,0x00270D80,0x00270E10,144
sub_00270E10,0x00270E10,0x00270FD0,448
sub_00270FD0,0x00270FD0,0x002714A8,1240
sub_002714A8,0x002714A8,0x002715F0,328
sub_002715F0,0x002715F0,0x002716D0,224
sub_002716D0,0x002716D0,0x002718A0,464
sub_002718A0,0x002718A0,0x00271F48,1704
sub_00271F48,0x00271F48,0x00273CF0,7592
sub_00273CF0,0x00273CF0,0x002740D0,992
sub_002740D0,0x002740D0,0x002740F0,32
sub_002740F0,0x002740F0,0x00274220,304
sub_00274220,0x00274220,0x00274230,16
sub_00274230,0x00274230,0x002742D0,160
sub_002742D0,0x002742D0,0x00274398,200
sub_00274398,0x00274398,0x002743F0,88
sub_002743F0,0x002743F0,0x00274430,64
sub_00274430,0x00274430,0x002745B8,392
sub_002745B8,0x002745B8,0x00274CC0,1800
sub_00274CC0,0x00274CC0,0x00274F10,592
sub_00274F10,0x00274F10,0x00275398,1160
sub_00275398,0x00275398,0x002755B8,544
sub_002755B8,0x002755B8,0x002757F8,576
sub_002757F8,0x002757F8,0x00275B28,816
sub_00275B28,0x00275B28,0x00275F50,1064
sub_00275F50,0x00275F50,0x002760F0,416
sub_002760F0,0x002760F0,0x00276648,1368
sub_00276648,0x00276648,0x00276928,736
sub_00276928,0x00276928,0x00276AA8,384
sub_00276AA8,0x00276AA8,0x00276B90,232
sub_00276B90,0x00276B90,0x00276CB8,296
sub_00276CB8,0x00276CB8,0x00276CF0,56
sub_00276CF0,0x00276CF0,0x00276CF8,8
sub_00276CF8,0x00276CF8,0x00276F68,624
sub_00276F68,0x00276F68,0x002770E8,384
sub_002770E8,0x002770E8,0x00277160,120
sub_00277160,0x00277160,0x002771F8,152
sub_002771F8,0x002771F8,0x002772B0,184
sub_002772B0,0x002772B0,0x00277380,208
sub_00277380,0x00277380,0x00277430,176
sub_00277430,0x00277430,0x002774E8,184
sub_002774E8,0x002774E8,0x002775E0,248
sub_002775E0,0x002775E0,0x002776E0,256
sub_002776E0,0x002776E0,0x00277780,160
sub_00277780,0x00277780,0x00277830,176
sub_00277830,0x00277830,0x00277910,224
sub_00277910,0x00277910,0x002779F8,232
sub_002779F8,0x002779F8,0x00277AD0,216
sub_00277AD0,0x00277AD0,0x00277BA0,208
sub_00277BA0,0x00277BA0,0x00277CC0,288
sub_00277CC0,0x00277CC0,0x00277DD8,280
sub_00277DD8,0x00277DD8,0x00277E78,160
sub_00277E78,0x00277E78,0x00278018,416
sub_00278018,0x00278018,0x00278330,792
sub_00278330,0x00278330,0x002785E0,688
sub_002785E0,0x002785E0,0x00278680,160
sub_00278680,0x00278680,0x002787C8,328
sub_002787C8,0x002787C8,0x00278908,320
sub_00278908,0x00278908,0x002789F0,232
sub_002789F0,0x002789F0,0x00278A00,16
sub_00278A00,0x00278A00,0x00278A10,16
sub_00278A10,0x00278A10,0x00278BF8,488
sub_00278BF8,0x00278BF8,0x00278C08,16
sub_00278C08,0x00278C08,0x00278C18,16
sub_00278C18,0x00278C18,0x00278DE8,464
sub_00278DE8,0x00278DE8,0x00278E20,56
sub_00278E20,0x00278E20,0x00278E28,8
sub_00278E28,0x00278E28,0x00278F80,344
sub_00278F80,0x00278F80,0x00278F88,8
sub_00278F88,0x00278F88,0x00278FD8,80
sub_00278FD8,0x00278FD8,0x00279068,144
sub_00279068,0x00279068,0x00279100,152
sub_00279100,0x00279100,0x002791F8,248
sub_002791F8,0x002791F8,0x00279270,120
sub_00279270,0x00279270,0x002792E8,120
sub_002792E8,0x002792E8,0x002793D0,232
sub_002793D0,0x002793D0,0x00279520,336
sub_00279520,0x00279520,0x00279588,104
sub_00279588,0x00279588,0x00279600,120
sub_00279600,0x00279600,0x00279838,568
sub_00279838,0x00279838,0x002799C8,400
sub_002799C8,0x002799C8,0x002799D8,16
sub_002799D8,0x002799D8,0x00279A40,104
sub_00279A40,0x00279A40,0x00279AD8,152
sub_00279AD8,0x00279AD8,0x00279DF0,792
sub_00279DF0,0x00279DF0,0x00279E30,64
sub_00279E30,0x00279E30,0x00279E50,32
sub_00279E50,0x00279E50,0x00279EC8,120
sub_00279EC8,0x00279EC8,0x00279EF0,40
sub_00279EF0,0x00279EF0,0x00279F28,56
sub_00279F28,0x00279F28,0x00279F50,40
sub_00279F50,0x00279F50,0x0027A030,224
sub_0027A030,0x0027A030,0x0027A210,480
sub_0027A210,0x0027A210,0x0027A298,136
sub_0027A298,0x0027A298,0x0027A340,168
sub_0027A340,0x0027A340,0x0027A428,232
sub_0027A428,0x0027A428,0x0027A4C8,160
sub_0027A4C8,0x0027A4C8,0x0027A520,88
sub_0027A520,0x0027A520,0x0027A5A8,136
sub_0027A5A8,0x0027A5A8,0x0027A648,160
sub_0027A648,0x0027A648,0x0027A6B8,112
sub_0027A6B8,0x0027A6B8,0x0027A810,344
sub_0027A810,0x0027A810,0x0027AB00,752
sub_0027AB00,0x0027AB00,0x0027ABD0,208
sub_0027ABD0,0x0027ABD0,0x0027ACA8,216
sub_0027ACA8,0x0027ACA8,0x0027AD00,88
sub_0027AD00,0x0027AD00,0x0027AFA0,672
sub_0027AFA0,0x0027AFA0,0x0027B010,112
sub_0027B010,0x0027B010,0x0027B0E8,216
sub_0027B0E8,0x0027B0E8,0x0027B170,136
sub_0027B170,0x0027B170,0x0027B2B8,328
sub_0027B2B8,0x0027B2B8,0x0027B3B8,256
sub_0027B3B8,0x0027B3B8,0x0027B568,432
sub_0027B568,0x0027B568,0x0027B6D0,360
sub_0027B6D0,0x0027B6D0,0x0027B7C0,240
sub_0027B7C0,0x0027B7C0,0x0027B7E8,40
sub_0027B7E8,0x0027B7E8,0x0027B828,64
sub_0027B828,0x0027B828,0x0027B890,104
sub_0027B890,0x0027B890,0x0027B998,264
sub_0027B998,0x0027B998,0x0027B9F0,88
sub_0027B9F0,0x0027B9F0,0x0027BAC8,216
sub_0027BAC8,0x0027BAC8,0x0027BB98,208
sub_0027BB98,0x0027BB98,0x0027BCD8,320
sub_0027BCD8,0x0027BCD8,0x0027BD50,120
sub_0027BD50,0x0027BD50,0x0027BDA8,88
sub_0027BDA8,0x0027BDA8,0x0027BE10,104
sub_0027BE10,0x0027BE10,0x0027BE78,104
sub_0027BE78,0x0027BE78,0x0027BED8,96
sub_0027BED8,0x0027BED8,0x0027BF90,184
sub_0027BF90,0x0027BF90,0x0027C010,128
sub_0027C010,0x0027C010,0x0027C100,240
sub_0027C100,0x0027C100,0x0027C2A0,416
sub_0027C2A0,0x0027C2A0,0x0027C380,224
sub_0027C380,0x0027C380,0x0027C410,144
sub_0027C410,0x0027C410,0x0027C4C0,176
sub_0027C4C0,0x0027C4C0,0x0027C580,192
sub_0027C580,0x0027C580,0x0027C6A0,288
sub_0027C6A0,0x0027C6A0,0x0027C7C0,288
sub_0027C7C0,0x0027C7C0,0x0027C8B8,248
sub_0027C8B8,0x0027C8B8,0x0027C9A0,232
sub_0027C9A0,0x0027C9A0,0x0027CAD0,304
sub_0027CAD0,0x0027CAD0,0x0027CBD0,256
sub_0027CBD0,0x0027CBD0,0x0027CE90,704
sub_0027CE90,0x0027CE90,0x0027CF38,168
sub_0027CF38,0x0027CF38,0x0027CF68,48
sub_0027CF68,0x0027CF68,0x0027D018,176
sub_0027D018,0x0027D018,0x0027D078,96
sub_0027D078,0x0027D078,0x0027D0E8,112
sub_0027D0E8,0x0027D0E8,0x0027D148,96
sub_0027D148,0x0027D148,0x0027D2C8,384
sub_0027D2C8,0x0027D2C8,0x0027D3E8,288
sub_0027D3E8,0x0027D3E8,0x0027D430,72
sub_0027D430,0x0027D430,0x0027D5B8,392
sub_0027D5B8,0x0027D5B8,0x0027D618,96
sub_0027D618,0x0027D618,0x0027D738,288
sub_0027D738,0x0027D738,0x0027D7C8,144
sub_0027D7C8,0x0027D7C8,0x0027D8E0,280
sub_0027D8E0,0x0027D8E0,0x0027D928,72
sub_0027D928,0x0027D928,0x0027D990,104
sub_0027D990,0x0027D990,0x0027DAC0,304
sub_0027DAC0,0x0027DAC0,0x0027DBF0,304
sub_0027DBF0,0x0027DBF0,0x0027DCC8,216
sub_0027DCC8,0x0027DCC8,0x0027DE48,384
sub_0027DE48,0x0027DE48,0x0027DED8,144
sub_0027DED8,0x0027DED8,0x0027DF30,88
sub_0027DF30,0x0027DF30,0x0027E2C8,920
sub_0027E2C8,0x0027E2C8,0x0027EBF8,2352
sub_0027EBF8,0x0027EBF8,0x0027ECF8,256
sub_0027ECF8,0x0027ECF8,0x0027EDE0,232
sub_0027EDE0,0x0027EDE0,0x0027F058,632
sub_0027F058,0x0027F058,0x0027F490,1080
sub_0027F490,0x0027F490,0x0027F638,424
sub_0027F638,0x0027F638,0x0027F768,304
sub_0027F768,0x0027F768,0x0027FC80,1304
sub_0027FC80,0x0027FC80,0x002801D0,1360
sub_002801D0,0x002801D0,0x002803C0,496
sub_002803C0,0x002803C0,0x00280980,1472
sub_00280980,0x00280980,0x00280B98,536
sub_00280B98,0x00280B98,0x00280CB0,280
sub_00280CB0,0x00280CB0,0x002811D0,1312
sub_002811D0,0x002811D0,0x002812A0,208
sub_002812A0,0x002812A0,0x00281470,464
sub_00281470,0x00281470,0x00281510,160
sub_00281510,0x00281510,0x00281548,56
sub_00281548,0x00281548,0x00281568,32
sub_00281568,0x00281568,0x00281588,32
sub_00281588,0x00281588,0x002815A8,32
sub_002815A8,0x002815A8,0x002816C0,280
sub_002816C0,0x002816C0,0x002817E0,288
sub_002817E0,0x002817E0,0x00281820,64
sub_00281820,0x00281820,0x00281860,64
sub_00281860,0x00281860,0x002818D0,112
sub_002818D0,0x002818D0,0x00281C68,920
sub_00281C68,0x00281C68,0x00281DA8,320
sub_00281DA8,0x00281DA8,0x00281DC8,32
sub_00281DC8,0x00281DC8,0x00281DE8,32
sub_00281DE8,0x00281DE8,0x00281E30,72
sub_00281E30,0x00281E30,0x00281E78,72
sub_00281E78,0x00281E78,0x00281FF0,376
sub_00281FF0,0x00281FF0,0x002820C0,208
sub_002820C0,0x002820C0,0x00282118,88
sub_00282118,0x00282118,0x00282148,48
sub_00282148,0x00282148,0x002821D8,144
sub_002821D8,0x002821D8,0x00282208,48
sub_00282208,0x00282208,0x00282230,40
sub_00282230,0x00282230,0x00282270,64
sub_00282270,0x00282270,0x00282448,472
sub_00282448,0x00282448,0x00282548,256
sub_00282548,0x00282548,0x00282620,216
sub_00282620,0x00282620,0x00282710,240
sub_00282710,0x00282710,0x00282848,312
sub_00282848,0x00282848,0x00282950,264
sub_00282950,0x00282950,0x00282AE8,408
sub_00282AE8,0x00282AE8,0x00282B08,32
sub_00282B08,0x00282B08,0x00282CA0,408
sub_00282CA0,0x00282CA0,0x00282DD0,304
sub_00282DD0,0x00282DD0,0x00282E08,56
sub_00282E08,0x00282E08,0x00282E40,56
sub_00282E40,0x00282E40,0x00282F60,288
sub_00282F60,0x00282F60,0x00282FA8,72
sub_00282FA8,0x00282FA8,0x00282FD8,48
sub_00282FD8,0x00282FD8,0x00283048,112
sub_00283048,0x00283048,0x00283098,80
sub_00283098,0x00283098,0x002830F0,88
sub_002830F0,0x002830F0,0x00283158,104
sub_00283158,0x00283158,0x002831C0,104
sub_002831C0,0x002831C0,0x002831F0,48
sub_002831F0,0x002831F0,0x00283210,32
sub_00283210,0x00283210,0x00283440,560
sub_00283440,0x00283440,0x00283470,48
sub_00283470,0x00283470,0x00283528,184
sub_00283528,0x00283528,0x00283570,72
sub_00283570,0x00283570,0x00283668,248
sub_00283668,0x00283668,0x00283770,264
sub_00283770,0x00283770,0x00283790,32
sub_00283790,0x00283790,0x00283E80,1776
sub_00283E80,0x00283E80,0x00283EB0,48
sub_00283EB0,0x00283EB0,0x00283F10,96
sub_00283F10,0x00283F10,0x00283F18,8
sub_00283F18,0x00283F18,0x002844E8,1488
sub_002844E8,0x002844E8,0x00284618,304
sub_00284618,0x00284618,0x002846B8,160
sub_002846B8,0x002846B8,0x002848F8,576
sub_002848F8,0x002848F8,0x00284950,88
sub_00284950,0x00284950,0x002849B8,104
sub_002849B8,0x002849B8,0x00284C60,680
sub_00284C60,0x00284C60,0x00284DC8,360
sub_00284DC8,0x00284DC8,0x00284EE0,280
sub_00284EE0,0x00284EE0,0x00284F30,80
sub_00284F30,0x00284F30,0x00284FE8,184
sub_00284FE8,0x00284FE8,0x00285080,152
sub_00285080,0x00285080,0x00285120,160
sub_00285120,0x00285120,0x00285150,48
sub_00285150,0x00285150,0x002851A8,88
sub_002851A8,0x002851A8,0x002852B8,272
sub_002852B8,0x002852B8,0x00285378,192
sub_00285378,0x00285378,0x00285410,152
sub_00285410,0x00285410,0x00285440,48
sub_00285440,0x00285440,0x00285480,64
sub_00285480,0x00285480,0x00285490,16
sub_00285490,0x00285490,0x002854B8,40
sub_002854B8,0x002854B8,0x002854E8,48
sub_002854E8,0x002854E8,0x002854F0,8
sub_002854F0,0x002854F0,0x00285548,88
sub_00285548,0x00285548,0x00285570,40
sub_00285570,0x00285570,0x00285598,40
sub_00285598,0x00285598,0x002855C0,40
sub_002855C0,0x002855C0,0x00285628,104
sub_00285628,0x00285628,0x00285650,40
sub_00285650,0x00285650,0x002858E0,656
sub_002858E0,0x002858E0,0x00285928,72
sub_00285928,0x00285928,0x00285930,8
sub_00285930,0x00285930,0x00285938,8
sub_00285938,0x00285938,0x00285A10,216
sub_00285A10,0x00285A10,0x00285B58,328
sub_00285B58,0x00285B58,0x00285BE0,136
sub_00285BE0,0x00285BE0,0x00285C60,128
sub_00285C60,0x00285C60,0x00285CF0,144
sub_00285CF0,0x00285CF0,0x00285CF8,8
sub_00285CF8,0x00285CF8,0x00286028,816
sub_00286028,0x00286028,0x00286208,480
sub_00286208,0x00286208,0x002863F0,488
sub_002863F0,0x002863F0,0x00286438,72
sub_00286438,0x00286438,0x00286488,80
sub_00286488,0x00286488,0x00286588,256
sub_00286588,0x00286588,0x002867F0,616
sub_002867F0,0x002867F0,0x00286838,72
sub_00286838,0x00286838,0x002868C0,136
sub_002868C0,0x002868C0,0x00286A00,320
sub_00286A00,0x00286A00,0x00286AE8,232
sub_00286AE8,0x00286AE8,0x00286BF0,264
sub_00286BF0,0x00286BF0,0x00287028,1080
sub_00287028,0x00287028,0x00287200,472
sub_00287200,0x00287200,0x00287378,376
sub_00287378,0x00287378,0x00287470,248
sub_00287470,0x00287470,0x002875B8,328
sub_002875B8,0x002875B8,0x00287AD8,1312
sub_00287AD8,0x00287AD8,0x00287E00,808
sub_00287E00,0x00287E00,0x00288050,592
sub_00288050,0x00288050,0x00288BB8,2920
sub_00288BB8,0x00288BB8,0x00288D90,472
sub_00288D90,0x00288D90,0x00288DC8,56
sub_00288DC8,0x00288DC8,0x00288FA0,472
sub_00288FA0,0x00288FA0,0x00288FC8,40
sub_00288FC8,0x00288FC8,0x00289180,440
sub_00289180,0x00289180,0x002891A8,40
sub_002891A8,0x002891A8,0x002891F0,72
sub_002891F0,0x002891F0,0x00289200,16
sub_00289200,0x00289200,0x00289294,148
sub_00289294,0x00289294,0x00289340,172
sub_00289340,0x00289340,0x0028943C,252
sub_0028943C,0x0028943C,0x002894F4,184
sub_002894F4,0x002894F4,0x00289624,304
sub_00289624,0x00289624,0x002897C4,416
sub_002897C4,0x002897C4,0x00289910,332
sub_00289910,0x00289910,0x00289A28,280
sub_00289A28,0x00289A28,0x00289B70,328
sub_00289B70,0x00289B70,0x00289D38,456
sub_00289D38,0x00289D38,0x00289F10,472
sub_00289F10,0x00289F10,0x00289F30,32
sub_00289F30,0x00289F30,0x00289F60,48
sub_00289F60,0x00289F60,0x00289FF8,152
sub_00289FF8,0x00289FF8,0x0028A0C8,208
sub_0028A0C8,0x0028A0C8,0x0028A128,96
sub_0028A128,0x0028A128,0x0028A148,32
sub_0028A148,0x0028A148,0x0028A2B0,360
sub_0028A2B0,0x0028A2B0,0x0028A330,128
sub_0028A330,0x0028A330,0x0028A338,8
sub_0028A338,0x0028A338,0x0028A3D0,152
sub_0028A3D0,0x0028A3D0,0x0028A438,104
sub_0028A438,0x0028A438,0x0028A4B8,128
sub_0028A4B8,0x0028A4B8,0x0028A520,104
sub_0028A520,0x0028A520,0x0028A540,32
sub_0028A540,0x0028A540,0x0028B050,2832
sub_0028B050,0x0028B050,0x0028B140,240
sub_0028B140,0x0028B140,0x0028B150,16
sub_0028B150,0x0028B150,0x0028B170,32
sub_0028B170,0x0028B170,0x0028B198,40
sub_0028B198,0x0028B198,0x0028B270,216
sub_0028B270,0x0028B270,0x0028B2C0,80
sub_0028B2C0,0x0028B2C0,0x0028B308,72
sub_0028B308,0x0028B308,0x0028B648,832
sub_0028B648,0x0028B648,0x0028B6A8,96
sub_0028B6A8,0x0028B6A8,0x0028B6E8,64
sub_0028B6E8,0x0028B6E8,0x0028C0C8,2528
sub_0028C0C8,0x0028C0C8,0x0028C0F8,48
sub_0028C0F8,0x0028C0F8,0x0028CFF0,3832
sub_0028CFF0,0x0028CFF0,0x0028D028,56
sub_0028D028,0x0028D028,0x0028D238,528
sub_0028D238,0x0028D238,0x0028D270,56
sub_0028D270,0x0028D270,0x0028D2F0,128
sub_0028D2F0,0x0028D2F0,0x0028D3B8,200
sub_0028D3B8,0x0028D3B8,0x0028D408,80
sub_0028D408,0x0028D408,0x0028D430,40
sub_0028D430,0x0028D430,0x0028D4D0,160
sub_0028D4D0,0x0028D4D0,0x0028D550,128
sub_0028D550,0x0028D550,0x0028D5C0,112
sub_0028D5C0,0x0028D5C0,0x0028D638,120
sub_0028D638,0x0028D638,0x0028D6D8,160
sub_0028D6D8,0x0028D6D8,0x0028DC68,1424
sub_0028DC68,0x0028DC68,0x0028DD70,264
sub_0028DD70,0x0028DD70,0x0028DE40,208
sub_0028DE40,0x0028DE40,0x0028EE88,4168
sub_0028EE88,0x0028EE88,0x0028F038,432
sub_0028F038,0x0028F038,0x0028F140,264
sub_0028F140,0x0028F140,0x00290048,3848
sub_00290048,0x00290048,0x002902B0,616
sub_002902B0,0x002902B0,0x002909E0,1840
sub_002909E0,0x002909E0,0x00290CD8,760
sub_00290CD8,0x00290CD8,0x00290E48,368
sub_00290E48,0x00290E48,0x00291078,560
sub_00291078,0x00291078,0x002910B0,56
sub_002910B0,0x002910B0,0x002910D0,32
sub_002910D0,0x002910D0,0x002910F0,32
sub_002910F0,0x002910F0,0x00291108,24
sub_00291108,0x00291108,0x00291130,40
sub_00291130,0x00291130,0x00291220,240
sub_00291220,0x00291220,0x00291410,496
sub_00291410,0x00291410,0x00291858,1096
sub_00291858,0x00291858,0x00291E88,1584
sub_00291E88,0x00291E88,0x00292048,448
sub_00292048,0x00292048,0x002920A0,88
sub_002920A0,0x002920A0,0x00292100,96
sub_00292100,0x00292100,0x00292160,96
sub_00292160,0x00292160,0x002921C0,96
sub_002921C0,0x002921C0,0x00292220,96
sub_00292220,0x00292220,0x00292280,96
sub_00292280,0x00292280,0x00292390,272
sub_00292390,0x00292390,0x002923F8,104
sub_002923F8,0x002923F8,0x00292488,144
sub_00292488,0x00292488,0x002924B8,48
sub_002924B8,0x002924B8,0x002925D0,280
sub_002925D0,0x002925D0,0x00292768,408
sub_00292768,0x00292768,0x00292810,168
sub_00292810,0x00292810,0x00292848,56
sub_00292848,0x00292848,0x00292950,264
sub_00292950,0x00292950,0x00292A88,312
sub_00292A88,0x00292A88,0x00292B10,136
sub_00292B10,0x00292B10,0x00292BD0,192
sub_00292BD0,0x00292BD0,0x00292C08,56
sub_00292C08,0x00292C08,0x00292E10,520
sub_00292E10,0x00292E10,0x00292F10,256
sub_00292F10,0x00292F10,0x00293068,344
sub_00293068,0x00293068,0x002930D0,104
sub_002930D0,0x002930D0,0x00293260,400
sub_00293260,0x00293260,0x00293328,200
sub_00293328,0x00293328,0x002934C0,408
sub_002934C0,0x002934C0,0x00293640,384
sub_00293640,0x00293640,0x00293708,200
sub_00293708,0x00293708,0x00293900,504
sub_00293900,0x00293900,0x00293910,16
sub_00293910,0x00293910,0x00293920,16
sub_00293920,0x00293920,0x00293930,16
sub_00293930,0x00293930,0x00293940,16
sub_00293940,0x00293940,0x00293950,16
sub_00293950,0x00293950,0x00293960,16
sub_00293960,0x00293960,0x00293970,16
sub_00293970,0x00293970,0x00293980,16
sub_00293980,0x00293980,0x00293990,16
sub_00293990,0x00293990,0x00293A20,144
sub_00293A20,0x00293A20,0x00293A30,16
sub_00293A30,0x00293A30,0x00293A40,16
sub_00293A40,0x00293A40,0x00293A70,48
sub_00293A70,0x00293A70,0x00293AB0,64
sub_00293AB0,0x00293AB0,0x00293AD0,32
sub_00293AD0,0x00293AD0,0x00293B10,64
sub_00293B10,0x00293B10,0x00293B20,16
sub_00293B20,0x00293B20,0x00293B50,48
sub_00293B50,0x00293B50,0x00293B60,16
sub_00293B60,0x00293B60,0x00293B90,48
sub_00293B90,0x00293B90,0x00293C00,112
sub_00293C00,0x00293C00,0x00293C20,32
sub_00293C20,0x00293C20,0x00293C30,16
sub_00293C30,0x00293C30,0x00293C40,16
sub_00293C40,0x00293C40,0x00293C50,16
sub_00293C50,0x00293C50,0x00293C60,16
sub_00293C60,0x00293C60,0x00293C70,16
sub_00293C70,0x00293C70,0x00293CC0,80
sub_00293CC0,0x00293CC0,0x00293CD0,16
sub_00293CD0,0x00293CD0,0x00293EA0,464
sub_00293EA0,0x00293EA0,0x00293ED0,48
sub_00293ED0,0x00293ED0,0x00293EF0,32
sub_00293EF0,0x00293EF0,0x00293F30,64
sub_00293F30,0x00293F30,0x00293F40,16
sub_00293F40,0x00293F40,0x00293F60,32
sub_00293F60,0x00293F60,0x00293F90,48
sub_00293F90,0x00293F90,0x00293FC0,48
sub_00293FC0,0x00293FC0,0x00293FE0,32
sub_00293FE0,0x00293FE0,0x00293FF0,16
sub_00293FF0,0x00293FF0,0x00294000,16
sub_00294000,0x00294000,0x00294010,16
sub_00294010,0x00294010,0x00294020,16
sub_00294020,0x00294020,0x00294030,16
sub_00294030,0x00294030,0x00294050,32
sub_00294050,0x00294050,0x00294080,48
sub_00294080,0x00294080,0x00294090,16
sub_00294090,0x00294090,0x002940A0,16
sub_002940A0,0x002940A0,0x002940B0,16
sub_002940B0,0x002940B0,0x00294140,144
sub_00294140,0x00294140,0x002941E8,168
sub_002941E8,0x002941E8,0x00294268,128
sub_00294268,0x00294268,0x002942E0,120
sub_002942E0,0x002942E0,0x002942E8,8
sub_002942E8,0x002942E8,0x002942F0,8
sub_002942F0,0x002942F0,0x002943A0,176
sub_002943A0,0x002943A0,0x002943B8,24
sub_002943B8,0x002943B8,0x00294460,168
sub_00294460,0x00294460,0x002944E8,136
sub_002944E8,0x002944E8,0x00294590,168
sub_00294590,0x00294590,0x00294618,136
sub_00294618,0x00294618,0x00294628,16
sub_00294628,0x00294628,0x00294690,104
sub_00294690,0x00294690,0x002946F8,104
sub_002946F8,0x002946F8,0x00294760,104
sub_00294760,0x00294760,0x002947C8,104
sub_002947C8,0x002947C8,0x002948A0,216
sub_002948A0,0x002948A0,0x00294A30,400
sub_00294A30,0x00294A30,0x00294AF8,200
sub_00294AF8,0x00294AF8,0x00294C70,376
sub_00294C70,0x00294C70,0x00294C98,40
sub_00294C98,0x00294C98,0x00294CC0,40
sub_00294CC0,0x00294CC0,0x00294D00,64
sub_00294D00,0x00294D00,0x00294D40,64
sub_00294D40,0x00294D40,0x00294ED8,408
sub_00294ED8,0x00294ED8,0x00295050,376
sub_00295050,0x00295050,0x00295120,208
sub_00295120,0x00295120,0x002951E0,192
sub_002951E0,0x002951E0,0x00295218,56
sub_00295218,0x00295218,0x002952C8,176
sub_002952C8,0x002952C8,0x00295300,56
sub_00295300,0x00295300,0x00295390,144
sub_00295390,0x00295390,0x00295568,472
sub_00295568,0x00295568,0x00296280,3352
sub_00296280,0x00296280,0x002962D8,88
sub_002962D8,0x002962D8,0x00296300,40
sub_00296300,0x00296300,0x00296328,40
sub_00296328,0x00296328,0x00296378,80
sub_00296378,0x00296378,0x002963C0,72
sub_002963C0,0x002963C0,0x00296440,128
sub_00296440,0x00296440,0x002964C0,128
sub_002964C0,0x002964C0,0x002964E0,32
sub_002964E0,0x002964E0,0x002964F0,16
sub_002964F0,0x002964F0,0x00296518,40
sub_00296518,0x00296518,0x00296798,640
sub_00296798,0x00296798,0x002967D0,56
sub_002967D0,0x002967D0,0x00296848,120
sub_00296848,0x00296848,0x00296898,80
sub_00296898,0x00296898,0x002969D0,312
sub_002969D0,0x002969D0,0x00296A10,64
sub_00296A10,0x00296A10,0x00296A50,64
sub_00296A50,0x00296A50,0x00296B98,328
sub_00296B98,0x00296B98,0x00296DE8,592
sub_00296DE8,0x00296DE8,0x00296E10,40
sub_00296E10,0x00296E10,0x00296EB8,168
sub_00296EB8,0x00296EB8,0x00296ED8,32
sub_00296ED8,0x00296ED8,0x00296F08,48
sub_00296F08,0x00296F08,0x00296F48,64
sub_00296F48,0x00296F48,0x00297018,208
sub_00297018,0x00297018,0x00297058,64
sub_00297058,0x00297058,0x00297130,216
sub_00297130,0x00297130,0x00297180,80
sub_00297180,0x00297180,0x002971C0,64
sub_002971C0,0x002971C0,0x00297290,208
sub_00297290,0x00297290,0x002973E0,336
sub_002973E0,0x002973E0,0x00297470,144
sub_00297470,0x00297470,0x00297670,512
sub_00297670,0x00297670,0x002976C8,88
sub_002976C8,0x002976C8,0x00297740,120
sub_00297740,0x00297740,0x002977C8,136
sub_002977C8,0x002977C8,0x002978B8,240
sub_002978B8,0x002978B8,0x00297928,112
sub_00297928,0x00297928,0x00297CE0,952
sub_00297CE0,0x00297CE0,0x00297D38,88
sub_00297D38,0x00297D38,0x00297D68,48
sub_00297D68,0x00297D68,0x00297D78,16
sub_00297D78,0x00297D78,0x00297DC0,72
sub_00297DC0,0x00297DC0,0x00297FC8,520
sub_00297FC8,0x00297FC8,0x00298058,144
sub_00298058,0x00298058,0x00298090,56
sub_00298090,0x00298090,0x00298320,656
sub_00298320,0x00298320,0x002984A0,384
sub_002984A0,0x002984A0,0x00298770,720
sub_00298770,0x00298770,0x002987F8,136
sub_002987F8,0x002987F8,0x00298868,112
sub_00298868,0x00298868,0x002988E0,120
sub_002988E0,0x002988E0,0x00298910,48
sub_00298910,0x00298910,0x00298A10,256
sub_00298A10,0x00298A10,0x00298AA0,144
sub_00298AA0,0x00298AA0,0x00298AD8,56
sub_00298AD8,0x00298AD8,0x00298CE8,528
sub_00298CE8,0x00298CE8,0x00298D08,32
sub_00298D08,0x00298D08,0x00298F30,552
sub_00298F30,0x00298F30,0x00298F78,72
sub_00298F78,0x00298F78,0x002990D0,344
sub_002990D0,0x002990D0,0x00299120,80
sub_00299120,0x00299120,0x00299230,272
sub_00299230,0x00299230,0x00299280,80
sub_00299280,0x00299280,0x00299298,24
sub_00299298,0x00299298,0x00299338,160
sub_00299338,0x00299338,0x00299378,64
sub_00299378,0x00299378,0x00299390,24
sub_00299390,0x00299390,0x00299490,256
sub_00299490,0x00299490,0x002994A0,16
sub_002994A0,0x002994A0,0x002994F8,88
sub_002994F8,0x002994F8,0x00299508,16
sub_00299508,0x00299508,0x00299518,16
sub_00299518,0x00299518,0x00299550,56
sub_00299550,0x00299550,0x00299560,16
sub_00299560,0x00299560,0x002995C8,104
sub_002995C8,0x002995C8,0x00299678,176
sub_00299678,0x00299678,0x002996A8,48
sub_002996A8,0x002996A8,0x002996B0,8
sub_002996B0,0x002996B0,0x002996E0,48
sub_002996E0,0x002996E0,0x002996F0,16
sub_002996F0,0x002996F0,0x00299700,16
sub_00299700,0x00299700,0x00299738,56
sub_00299738,0x00299738,0x00299748,16
sub_00299748,0x00299748,0x00299890,328
sub_00299890,0x00299890,0x002998A0,16
sub_002998A0,0x002998A0,0x002998B0,16
sub_002998B0,0x002998B0,0x002998C0,16
sub_002998C0,0x002998C0,0x00299A20,352
sub_00299A20,0x00299A20,0x00299AB8,152
sub_00299AB8,0x00299AB8,0x00299C48,400
sub_00299C48,0x00299C48,0x00299CD0,136
sub_00299CD0,0x00299CD0,0x00299D08,56
sub_00299D08,0x00299D08,0x00299FB0,680
sub_00299FB0,0x00299FB0,0x0029A008,88
sub_0029A008,0x0029A008,0x0029A078,112
sub_0029A078,0x0029A078,0x0029A0D0,88
sub_0029A0D0,0x0029A0D0,0x0029A180,176
sub_0029A180,0x0029A180,0x0029A200,128
sub_0029A200,0x0029A200,0x0029A2F8,248
sub_0029A2F8,0x0029A2F8,0x0029A378,128
sub_0029A378,0x0029A378,0x0029A3F8,128
sub_0029A3F8,0x0029A3F8,0x0029A448,80
sub_0029A448,0x0029A448,0x0029A4A8,96
sub_0029A4A8,0x0029A4A8,0x0029A700,600
sub_0029A700,0x0029A700,0x0029A7A8,168
sub_0029A7A8,0x0029A7A8,0x0029A7F8,80
sub_0029A7F8,0x0029A7F8,0x0029A828,48
sub_0029A828,0x0029A828,0x0029A858,48
sub_0029A858,0x0029A858,0x0029A890,56
sub_0029A890,0x0029A890,0x0029A8D8,72
sub_0029A8D8,0x0029A8D8,0x0029A908,48
sub_0029A908,0x0029A908,0x0029A918,16
sub_0029A918,0x0029A918,0x0029A950,56
sub_0029A950,0x0029A950,0x0029A960,16
sub_0029A960,0x0029A960,0x0029A970,16
sub_0029A970,0x0029A970,0x0029AA38,200
sub_0029AA38,0x0029AA38,0x0029AA88,80
sub_0029AA88,0x0029AA88,0x0029ADE0,856
sub_0029ADE0,0x0029ADE0,0x0029AE40,96
sub_0029AE40,0x0029AE40,0x0029AF38,248
sub_0029AF38,0x0029AF38,0x0029AFD0,152
sub_0029AFD0,0x0029AFD0,0x0029B638,1640
sub_0029B638,0x0029B638,0x0029BB78,1344
sub_0029BB78,0x0029BB78,0x0029BB90,24
sub_0029BB90,0x0029BB90,0x0029BBA4,20
